id,terrestrial_date,sol,ls,month,min_temp,pressure
2.0,2012-01-16 00:08:00,10,155,6,-75.0,739.0
13.0,2012-01-17 00:08:00,11,156,6,-76.0,740.0
24.0,2012-01-18 00:08:00,12,156,6,-76.0,741.0
35.0,2012-01-19 00:08:00,13,157,6,-74.0,732.0
46.0,2012-01-20 00:08:00,14,157,6,-74.0,740.0
57.0,2012-01-21 00:08:00,15,158,6,-78.0,740.0
68.0,2012-01-22 00:08:00,16,158,6,-77.0,740.0
79.0,2012-01-23 00:08:00,17,159,6,-76.0,742.0
112.0,2012-01-27 00:08:00,21,161,6,-74.0,741.0
114.0,2012-01-28 00:08:00,22,162,6,-74.0,742.0
123.0,2012-01-29 00:08:00,23,162,6,-75.0,741.0
134.0,2012-01-30 00:08:00,24,163,6,-75.0,742.0
145.0,2012-01-31 00:08:00,25,163,6,-75.0,743.0
156.0,2012-01-01 00:09:00,26,164,6,-76.0,745.0
163.0,2012-01-02 00:09:00,27,164,6,-75.0,743.0
170.0,2012-01-03 00:09:00,28,165,6,-75.0,745.0
171.0,2012-01-04 00:09:00,29,166,6,-75.0,747.0
172.0,2012-01-05 00:09:00,30,166,6,-74.0,747.0
173.0,2012-01-06 00:09:00,31,167,6,-74.0,745.0
175.0,2012-01-08 00:09:00,33,168,6,-73.0,748.0
176.0,2012-01-10 00:09:00,34,168,6,-73.0,748.0
177.0,2012-01-11 00:09:00,35,169,6,-73.0,749.0
178.0,2012-01-12 00:09:00,36,169,6,-73.0,750.0
179.0,2012-01-13 00:09:00,37,170,6,-73.0,750.0
180.0,2012-01-14 00:09:00,38,171,6,-73.0,750.0
181.0,2012-01-15 00:09:00,39,171,6,-75.0,751.0
182.0,2012-01-16 00:09:00,40,172,6,-75.0,753.0
183.0,2012-01-17 00:09:00,41,172,6,-75.0,753.0
184.0,2012-01-18 00:09:00,42,173,6,-75.0,754.0
185.0,2012-01-19 00:09:00,43,173,6,-74.0,756.0
186.0,2012-01-20 00:09:00,44,174,6,-75.0,757.0
187.0,2012-01-21 00:09:00,45,175,6,-74.0,758.0
188.0,2012-01-22 00:09:00,46,175,6,-74.0,758.0
189.0,2012-01-23 00:09:00,47,176,6,-75.0,758.0
190.0,2012-01-24 00:09:00,48,176,6,-75.0,759.0
191.0,2012-01-25 00:09:00,49,177,6,-74.0,761.0
192.0,2012-01-26 00:09:00,50,177,6,-72.0,761.0
193.0,2012-01-27 00:09:00,51,178,6,-76.0,762.0
194.0,2012-01-28 00:09:00,52,179,6,-74.0,762.0
195.0,2012-01-29 00:09:00,53,179,6,-71.0,764.0
196.0,2012-01-30 00:09:00,54,180,7,-72.0,766.0
197.0,2012-01-01 00:10:00,55,180,7,-74.0,766.0
198.0,2012-01-02 00:10:00,56,181,7,-73.0,768.0
199.0,2012-01-03 00:10:00,57,181,7,-73.0,769.0
200.0,2012-01-04 00:10:00,58,182,7,-74.0,769.0
201.0,2012-01-05 00:10:00,59,183,7,-76.0,771.0
202.0,2012-01-06 00:10:00,60,183,7,-75.0,772.0
203.0,2012-01-07 00:10:00,61,184,7,-72.0,772.0
204.0,2012-01-08 00:10:00,62,184,7,-72.0,774.0
205.0,2012-01-09 00:10:00,63,185,7,-73.0,775.0
206.0,2012-01-10 00:10:00,64,186,7,-74.0,776.0
207.0,2012-01-11 00:10:00,65,186,7,-72.0,777.0
208.0,2012-01-12 00:10:00,66,187,7,-73.0,778.0
209.0,2012-01-13 00:10:00,67,187,7,-73.0,780.0
210.0,2012-01-14 00:10:00,68,188,7,-71.0,781.0
211.0,2012-01-15 00:10:00,69,189,7,-73.0,778.0
212.0,2012-01-17 00:10:00,70,189,7,-72.0,783.0
213.0,2012-01-18 00:10:00,71,190,7,-71.0,784.0
214.0,2012-01-19 00:10:00,72,190,7,-73.0,785.0
215.0,2012-01-20 00:10:00,73,191,7,-70.0,788.0
216.0,2012-01-21 00:10:00,74,192,7,-72.0,790.0
217.0,2012-01-22 00:10:00,75,192,7,-73.0,791.0
218.0,2012-01-23 00:10:00,76,193,7,-73.0,792.0
219.0,2012-01-24 00:10:00,77,193,7,-71.0,792.0
220.0,2012-01-25 00:10:00,78,194,7,-71.0,793.0
221.0,2012-01-26 00:10:00,79,195,7,-73.0,795.0
222.0,2012-01-27 00:10:00,80,195,7,-70.0,796.0
223.0,2012-01-28 00:10:00,81,196,7,-72.0,798.0
224.0,2012-01-29 00:10:00,82,196,7,-72.0,799.0
225.0,2012-01-30 00:10:00,83,197,7,-72.0,801.0
226.0,2012-01-31 00:10:00,84,198,7,-70.0,801.0
227.0,2012-01-01 00:11:00,85,198,7,-71.0,805.0
228.0,2012-01-02 00:11:00,86,199,7,-71.0,808.0
229.0,2012-01-03 00:11:00,87,199,7,-70.0,808.0
230.0,2012-01-04 00:11:00,88,200,7,-70.0,811.0
231.0,2012-01-05 00:11:00,89,201,7,-73.0,813.0
233.0,2012-01-06 00:11:00,90,201,7,-71.0,813.0
234.0,2012-01-07 00:11:00,91,202,7,-74.0,817.0
235.0,2012-01-08 00:11:00,92,202,7,-74.0,820.0
236.0,2012-01-09 00:11:00,93,203,7,-72.0,819.0
237.0,2012-01-10 00:11:00,94,204,7,-70.0,822.0
238.0,2012-01-11 00:11:00,95,204,7,-68.0,822.0
239.0,2012-01-12 00:11:00,96,205,7,-71.0,826.0
240.0,2012-01-13 00:11:00,97,206,7,-68.0,828.0
241.0,2012-01-14 00:11:00,98,206,7,-68.0,828.0
242.0,2012-01-15 00:11:00,99,207,7,-68.0,829.0
3.0,2012-01-16 00:11:00,100,207,7,-66.0,829.0
4.0,2012-01-17 00:11:00,101,208,7,-65.0,830.0
5.0,2012-01-18 00:11:00,102,209,7,-67.0,833.0
6.0,2012-01-19 00:11:00,103,209,7,-66.0,836.0
7.0,2012-01-20 00:11:00,104,210,8,-67.0,838.0
8.0,2012-01-21 00:11:00,105,211,8,-66.0,839.0
9.0,2012-01-23 00:11:00,106,211,8,-66.0,841.0
10.0,2012-01-24 00:11:00,107,212,8,-66.0,844.0
11.0,2012-01-25 00:11:00,108,212,8,-65.0,845.0
12.0,2012-01-26 00:11:00,109,213,8,-64.0,844.0
14.0,2012-01-27 00:11:00,110,214,8,-65.0,848.0
15.0,2012-01-28 00:11:00,111,214,8,-66.0,849.0
16.0,2012-01-29 00:11:00,112,215,8,-65.0,852.0
17.0,2012-01-30 00:11:00,113,216,8,-66.0,857.0
18.0,2012-01-01 00:12:00,114,216,8,-69.0,857.0
19.0,2012-01-02 00:12:00,115,217,8,-66.0,857.0
20.0,2012-01-03 00:12:00,116,217,8,-67.0,859.0
21.0,2012-01-04 00:12:00,117,218,8,-66.0,861.0
22.0,2012-01-05 00:12:00,118,219,8,-65.0,864.0
23.0,2012-01-06 00:12:00,119,219,8,-66.0,866.0
25.0,2012-01-07 00:12:00,120,220,8,-67.0,867.0
26.0,2012-01-08 00:12:00,121,221,8,-66.0,869.0
27.0,2012-01-09 00:12:00,122,221,8,-65.0,869.0
28.0,2012-01-10 00:12:00,123,222,8,-66.0,875.0
29.0,2012-01-11 00:12:00,124,223,8,-66.0,876.0
30.0,2012-01-12 00:12:00,125,223,8,-68.0,880.0
31.0,2012-01-13 00:12:00,126,224,8,-66.0,880.0
32.0,2012-01-14 00:12:00,127,224,8,-67.0,884.0
33.0,2012-01-15 00:12:00,128,225,8,-67.0,883.0
34.0,2012-01-16 00:12:00,129,226,8,-65.0,886.0
36.0,2012-01-17 00:12:00,130,226,8,-65.0,888.0
37.0,2012-01-18 00:12:00,131,227,8,-65.0,889.0
38.0,2012-01-19 00:12:00,132,228,8,-65.0,890.0
39.0,2012-01-20 00:12:00,133,228,8,-65.0,891.0
40.0,2012-01-21 00:12:00,134,229,8,-67.0,893.0
41.0,2012-01-22 00:12:00,135,230,8,-65.0,894.0
42.0,2012-01-23 00:12:00,136,230,8,-65.0,897.0
43.0,2012-01-24 00:12:00,137,231,8,-64.0,896.0
44.0,2012-01-25 00:12:00,138,232,8,-65.0,899.0
45.0,2012-01-26 00:12:00,139,232,8,-66.0,899.0
47.0,2012-01-27 00:12:00,140,233,8,-66.0,903.0
48.0,2012-01-28 00:12:00,141,233,8,-64.0,904.0
49.0,2012-01-29 00:12:00,142,234,8,-65.0,906.0
50.0,2012-01-31 00:12:00,143,235,8,-63.0,908.0
51.0,2013-01-01 00:01:00,144,235,8,-64.0,907.0
52.0,2013-01-02 00:01:00,145,236,8,-64.0,909.0
53.0,2013-01-03 00:01:00,146,237,8,-65.0,908.0
54.0,2013-01-04 00:01:00,147,237,8,-65.0,914.0
55.0,2013-01-05 00:01:00,148,238,8,-65.0,912.0
56.0,2013-01-06 00:01:00,149,239,8,-65.0,914.0
58.0,2013-01-07 00:01:00,150,239,8,-64.0,913.0
59.0,2013-01-08 00:01:00,151,240,9,-65.0,915.0
60.0,2013-01-09 00:01:00,152,241,9,-63.0,914.0
61.0,2013-01-10 00:01:00,153,241,9,-65.0,915.0
62.0,2013-01-11 00:01:00,154,242,9,-65.0,917.0
63.0,2013-01-12 00:01:00,155,243,9,-64.0,917.0
64.0,2013-01-13 00:01:00,156,243,9,-65.0,922.0
65.0,2013-01-14 00:01:00,157,244,9,-64.0,920.0
66.0,2013-01-15 00:01:00,158,245,9,-66.0,922.0
67.0,2013-01-16 00:01:00,159,245,9,-65.0,918.0
69.0,2013-01-17 00:01:00,160,246,9,-67.0,919.0
70.0,2013-01-18 00:01:00,161,246,9,-65.0,919.0
71.0,2013-01-19 00:01:00,162,247,9,-65.0,919.0
72.0,2013-01-20 00:01:00,163,248,9,-65.0,919.0
73.0,2013-01-21 00:01:00,164,248,9,-64.0,919.0
74.0,2013-01-22 00:01:00,165,249,9,-65.0,922.0
75.0,2013-01-23 00:01:00,166,250,9,-65.0,922.0
76.0,2013-01-24 00:01:00,167,250,9,-65.0,920.0
77.0,2013-01-25 00:01:00,168,251,9,-66.0,923.0
78.0,2013-01-26 00:01:00,169,252,9,-66.0,922.0
80.0,2013-01-27 00:01:00,170,252,9,-66.0,925.0
81.0,2013-01-28 00:01:00,171,253,9,-67.0,925.0
82.0,2013-01-29 00:01:00,172,254,9,-67.0,923.0
83.0,2013-01-30 00:01:00,173,254,9,-67.0,920.0
84.0,2013-01-31 00:01:00,174,255,9,-67.0,921.0
85.0,2013-01-01 00:02:00,175,256,9,-68.0,921.0
86.0,2013-01-02 00:02:00,176,256,9,-67.0,920.0
87.0,2013-01-03 00:02:00,177,257,9,-66.0,921.0
88.0,2013-01-04 00:02:00,178,258,9,-66.0,920.0
89.0,2013-01-06 00:02:00,179,258,9,-66.0,920.0
91.0,2013-01-07 00:02:00,180,259,9,-67.0,919.0
92.0,2013-01-08 00:02:00,181,260,9,-67.0,918.0
93.0,2013-01-09 00:02:00,182,260,9,-67.0,921.0
94.0,2013-01-10 00:02:00,183,261,9,-67.0,921.0
95.0,2013-01-11 00:02:00,184,261,9,-67.0,923.0
96.0,2013-01-12 00:02:00,185,262,9,-67.0,923.0
97.0,2013-01-13 00:02:00,186,263,9,-66.0,922.0
98.0,2013-01-14 00:02:00,187,263,9,-67.0,921.0
99.0,2013-01-15 00:02:00,188,264,9,-68.0,920.0
100.0,2013-01-16 00:02:00,189,265,9,-68.0,920.0
102.0,2013-01-17 00:02:00,190,265,9,-66.0,917.0
103.0,2013-01-18 00:02:00,191,266,9,-67.0,921.0
106.0,2013-01-23 00:02:00,196,269,9,-66.0,916.0
107.0,2013-01-24 00:02:00,197,270,10,-68.0,915.0
108.0,2013-01-25 00:02:00,198,271,10,-67.0,914.0
109.0,2013-01-26 00:02:00,199,271,10,-66.0,917.0
116.0,2013-01-23 00:03:00,223,287,10,-71.0,895.0
117.0,2013-01-24 00:03:00,224,287,10,-69.0,894.0
118.0,2013-01-25 00:03:00,225,288,10,-71.0,894.0
119.0,2013-01-26 00:03:00,226,288,10,-70.0,894.0
120.0,2013-01-27 00:03:00,227,289,10,-70.0,892.0
121.0,2013-01-28 00:03:00,228,290,10,-71.0,894.0
122.0,2013-01-29 00:03:00,229,290,10,-69.0,894.0
124.0,2013-01-30 00:03:00,230,291,10,-69.0,888.0
125.0,2013-01-31 00:03:00,231,292,10,-71.0,890.0
126.0,2013-01-01 00:04:00,232,292,10,-69.0,888.0
127.0,2013-01-02 00:04:00,233,293,10,-69.0,889.0
128.0,2013-01-03 00:04:00,234,293,10,-69.0,890.0
129.0,2013-01-04 00:04:00,235,294,10,-70.0,886.0
130.0,2013-01-05 00:04:00,236,295,10,-72.0,886.0
131.0,2013-01-06 00:04:00,237,295,10,-71.0,883.0
132.0,2013-01-07 00:04:00,238,296,10,-70.0,885.0
133.0,2013-01-08 00:04:00,239,297,10,-73.0,885.0
135.0,2013-01-09 00:04:00,240,297,10,-70.0,884.0
136.0,2013-01-10 00:04:00,241,298,10,-72.0,884.0
137.0,2013-01-11 00:04:00,242,298,10,-70.0,881.0
138.0,2013-01-12 00:04:00,243,299,10,-71.0,884.0
139.0,2013-01-13 00:04:00,244,300,11,-69.0,878.0
140.0,2013-01-14 00:04:00,245,300,11,-70.0,879.0
141.0,2013-01-15 00:04:00,246,301,11,-73.0,878.0
142.0,2013-01-16 00:04:00,247,301,11,-71.0,873.0
143.0,2013-01-17 00:04:00,248,302,11,-70.0,877.0
144.0,2013-01-18 00:04:00,249,303,11,-69.0,873.0
146.0,2013-01-19 00:04:00,250,303,11,-70.0,877.0
147.0,2013-01-20 00:04:00,251,304,11,-71.0,876.0
148.0,2013-01-22 00:04:00,252,304,11,-71.0,874.0
149.0,2013-01-23 00:04:00,253,305,11,-71.0,877.0
150.0,2013-01-24 00:04:00,254,306,11,-70.0,871.0
151.0,2013-01-25 00:04:00,255,306,11,-69.0,877.0
152.0,2013-01-26 00:04:00,256,307,11,-70.0,871.0
153.0,2013-01-27 00:04:00,257,308,11,-70.0,871.0
154.0,2013-01-28 00:04:00,258,308,11,-71.0,869.0
155.0,2013-01-29 00:04:00,259,309,11,-72.0,871.0
157.0,2013-01-30 00:04:00,260,309,11,-70.0,875.0
158.0,2013-01-01 00:05:00,261,310,11,-70.0,868.0
161.0,2013-01-08 00:05:00,268,314,11,-70.0,864.0
162.0,2013-01-09 00:05:00,269,315,11,-72.0,866.0
164.0,2013-01-10 00:05:00,270,315,11,-67.0,863.0
165.0,2013-01-11 00:05:00,271,316,11,-69.0,864.0
166.0,2013-01-12 00:05:00,272,316,11,-71.0,864.0
167.0,2013-01-13 00:05:00,273,317,11,-70.0,861.0
168.0,2013-01-14 00:05:00,274,318,11,-70.0,861.0
169.0,2013-01-15 00:05:00,275,318,11,-67.0,860.0
244.0,2013-01-16 00:05:00,276,319,11,-69.0,858.0
245.0,2013-01-17 00:05:00,277,319,11,-69.0,857.0
246.0,2013-01-18 00:05:00,278,320,11,-67.0,855.0
247.0,2013-01-19 00:05:00,279,321,11,-68.0,856.0
248.0,2013-01-20 00:05:00,280,321,11,-69.0,856.0
249.0,2013-01-21 00:05:00,281,322,11,-68.0,855.0
250.0,2013-01-22 00:05:00,282,322,11,-72.0,856.0
251.0,2013-01-23 00:05:00,283,323,11,-68.0,854.0
252.0,2013-01-24 00:05:00,284,323,11,-71.0,854.0
253.0,2013-01-25 00:05:00,285,324,11,-70.0,852.0
254.0,2013-01-26 00:05:00,286,325,11,-71.0,854.0
255.0,2013-01-27 00:05:00,287,325,11,-72.0,856.0
256.0,2013-01-29 00:05:00,288,326,11,-69.0,854.0
257.0,2013-01-30 00:05:00,289,326,11,-71.0,854.0
258.0,2013-01-31 00:05:00,290,327,11,-71.0,853.0
259.0,2013-01-01 00:06:00,291,327,11,-70.0,853.0
260.0,2013-01-02 00:06:00,292,328,11,-71.0,853.0
261.0,2013-01-03 00:06:00,293,329,11,-72.0,850.0
262.0,2013-01-04 00:06:00,294,329,11,-72.0,852.0
263.0,2013-01-05 00:06:00,295,330,12,-71.0,853.0
264.0,2013-01-06 00:06:00,296,330,12,-71.0,850.0
265.0,2013-01-07 00:06:00,297,331,12,-72.0,849.0
266.0,2013-01-08 00:06:00,298,331,12,-72.0,850.0
267.0,2013-01-09 00:06:00,299,332,12,-71.0,849.0
286.0,2013-01-10 00:06:00,300,333,12,-72.0,852.0
276.0,2013-01-11 00:06:00,301,333,12,-73.0,852.0
287.0,2013-01-12 00:06:00,302,334,12,-71.0,850.0
283.0,2013-01-13 00:06:00,303,334,12,-71.0,849.0
281.0,2013-01-14 00:06:00,304,335,12,-70.0,848.0
275.0,2013-01-15 00:06:00,305,335,12,-71.0,847.0
280.0,2013-01-16 00:06:00,306,336,12,-71.0,848.0
279.0,2013-01-17 00:06:00,307,336,12,-72.0,851.0
282.0,2013-01-18 00:06:00,308,337,12,-73.0,850.0
284.0,2013-01-19 00:06:00,309,338,12,-72.0,848.0
278.0,2013-01-20 00:06:00,310,338,12,-71.0,849.0
277.0,2013-01-21 00:06:00,311,339,12,-74.0,846.0
285.0,2013-01-22 00:06:00,312,339,12,-71.0,845.0
274.0,2013-01-23 00:06:00,313,340,12,-77.0,849.0
272.0,2013-01-24 00:06:00,314,340,12,-73.0,848.0
273.0,2013-01-25 00:06:00,315,341,12,-74.0,850.0
288.0,2013-01-26 00:06:00,316,341,12,-74.0,851.0
268.0,2013-01-27 00:06:00,317,342,12,-72.0,849.0
270.0,2013-01-28 00:06:00,318,342,12,-74.0,849.0
271.0,2013-01-29 00:06:00,319,343,12,-73.0,847.0
269.0,2013-01-30 00:06:00,320,344,12,-74.0,846.0
289.0,2013-01-01 00:07:00,321,344,12,-75.0,847.0
291.0,2013-01-02 00:07:00,322,345,12,-74.0,849.0
290.0,2013-01-03 00:07:00,323,345,12,-74.0,847.0
292.0,2013-01-04 00:07:00,324,346,12,-75.0,850.0
294.0,2013-01-06 00:07:00,325,346,12,-74.0,847.0
295.0,2013-01-07 00:07:00,326,347,12,-72.0,848.0
296.0,2013-01-08 00:07:00,327,347,12,-74.0,848.0
293.0,2013-01-09 00:07:00,328,348,12,-75.0,847.0
298.0,2013-01-10 00:07:00,329,348,12,-74.0,847.0
297.0,2013-01-11 00:07:00,330,349,12,-75.0,848.0
303.0,2013-01-12 00:07:00,331,349,12,-74.0,848.0
300.0,2013-01-13 00:07:00,332,350,12,-76.0,849.0
299.0,2013-01-14 00:07:00,333,350,12,-75.0,849.0
301.0,2013-01-15 00:07:00,334,351,12,-74.0,852.0
302.0,2013-01-16 00:07:00,335,352,12,-76.0,852.0
305.0,2013-01-17 00:07:00,336,352,12,-76.0,852.0
304.0,2013-01-18 00:07:00,337,353,12,-75.0,853.0
306.0,2013-01-19 00:07:00,338,353,12,-78.0,848.0
308.0,2013-01-20 00:07:00,339,354,12,-76.0,849.0
307.0,2013-01-21 00:07:00,340,354,12,-76.0,851.0
310.0,2013-01-22 00:07:00,341,355,12,-77.0,852.0
309.0,2013-01-23 00:07:00,342,355,12,-76.0,851.0
311.0,2013-01-24 00:07:00,343,356,12,-77.0,850.0
317.0,2013-01-25 00:07:00,344,356,12,-77.0,851.0
312.0,2013-01-26 00:07:00,345,357,12,-77.0,853.0
314.0,2013-01-27 00:07:00,346,357,12,-76.0,853.0
313.0,2013-01-28 00:07:00,347,358,12,-77.0,851.0
315.0,2013-01-29 00:07:00,348,358,12,-74.0,850.0
316.0,2013-01-30 00:07:00,349,359,12,-75.0,852.0
318.0,2013-01-31 00:07:00,350,359,12,-76.0,853.0
320.0,2013-01-01 00:08:00,351,0,1,-75.0,853.0
319.0,2013-01-02 00:08:00,352,0,1,-77.0,854.0
323.0,2013-01-03 00:08:00,353,1,1,-75.0,855.0
322.0,2013-01-04 00:08:00,354,1,1,-75.0,857.0
321.0,2013-01-05 00:08:00,355,2,1,-75.0,857.0
324.0,2013-01-06 00:08:00,356,2,1,-77.0,856.0
325.0,2013-01-07 00:08:00,357,3,1,-76.0,857.0
326.0,2013-01-17 00:08:00,366,7,1,-76.0,861.0
328.0,2013-01-18 00:08:00,367,8,1,-76.0,862.0
330.0,2013-01-19 00:08:00,368,8,1,-77.0,863.0
331.0,2013-01-20 00:08:00,369,9,1,-75.0,865.0
332.0,2013-01-21 00:08:00,370,9,1,-79.0,865.0
333.0,2013-01-22 00:08:00,371,10,1,-77.0,865.0
334.0,2013-01-23 00:08:00,372,10,1,-76.0,866.0
335.0,2013-01-24 00:08:00,373,11,1,-79.0,866.0
337.0,2013-01-25 00:08:00,374,11,1,-79.0,866.0
336.0,2013-01-26 00:08:00,375,12,1,-77.0,867.0
340.0,2013-01-27 00:08:00,376,12,1,-78.0,870.0
338.0,2013-01-28 00:08:00,377,13,1,-78.0,870.0
339.0,2013-01-29 00:08:00,378,13,1,-78.0,869.0
341.0,2013-01-30 00:08:00,379,14,1,-79.0,870.0
343.0,2013-01-31 00:08:00,380,14,1,-79.0,870.0
345.0,2013-01-01 00:09:00,381,15,1,-79.0,871.0
344.0,2013-01-02 00:09:00,382,15,1,-76.0,872.0
342.0,2013-01-03 00:09:00,383,16,1,-77.0,874.0
346.0,2013-01-04 00:09:00,384,16,1,-77.0,875.0
351.0,2013-01-05 00:09:00,385,17,1,-78.0,874.0
347.0,2013-01-06 00:09:00,386,17,1,-77.0,873.0
349.0,2013-01-07 00:09:00,387,18,1,-78.0,874.0
350.0,2013-01-08 00:09:00,388,18,1,-79.0,875.0
348.0,2013-01-09 00:09:00,389,19,1,-79.0,875.0
352.0,2013-01-10 00:09:00,390,19,1,-78.0,875.0
353.0,2013-01-11 00:09:00,391,20,1,-78.0,875.0
354.0,2013-01-12 00:09:00,392,20,1,-77.0,876.0
355.0,2013-01-13 00:09:00,393,21,1,-76.0,877.0
356.0,2013-01-14 00:09:00,394,21,1,-79.0,878.0
357.0,2013-01-15 00:09:00,395,22,1,-77.0,878.0
358.0,2013-01-16 00:09:00,396,22,1,-78.0,879.0
359.0,2013-01-18 00:09:00,397,23,1,-75.0,880.0
360.0,2013-01-19 00:09:00,398,23,1,-79.0,880.0
361.0,2013-01-20 00:09:00,399,24,1,-79.0,881.0
363.0,2013-01-21 00:09:00,400,24,1,-79.0,881.0
362.0,2013-01-22 00:09:00,401,25,1,-79.0,882.0
365.0,2013-01-23 00:09:00,402,25,1,-78.0,883.0
364.0,2013-01-24 00:09:00,403,25,1,-80.0,883.0
367.0,2013-01-25 00:09:00,404,26,1,-78.0,884.0
366.0,2013-01-26 00:09:00,405,26,1,-82.0,885.0
374.0,2013-01-27 00:09:00,406,27,1,-81.0,886.0
370.0,2013-01-28 00:09:00,407,27,1,-81.0,887.0
369.0,2013-01-29 00:09:00,408,28,1,-80.0,887.0
368.0,2013-01-30 00:09:00,409,28,1,-81.0,887.0
373.0,2013-01-01 00:10:00,410,29,1,-81.0,888.0
372.0,2013-01-02 00:10:00,411,29,1,-82.0,887.0
371.0,2013-01-03 00:10:00,412,30,2,-80.0,888.0
376.0,2013-01-04 00:10:00,413,30,2,-82.0,888.0
375.0,2013-01-05 00:10:00,414,31,2,-79.0,889.0
377.0,2013-01-06 00:10:00,415,31,2,-82.0,890.0
378.0,2013-01-07 00:10:00,416,32,2,-79.0,889.0
379.0,2013-01-08 00:10:00,417,32,2,-82.0,890.0
380.0,2013-01-09 00:10:00,418,33,2,-79.0,891.0
381.0,2013-01-10 00:10:00,419,33,2,-82.0,891.0
385.0,2013-01-11 00:10:00,420,33,2,-80.0,892.0
382.0,2013-01-12 00:10:00,421,34,2,-81.0,890.0
384.0,2013-01-13 00:10:00,422,34,2,-82.0,891.0
383.0,2013-01-14 00:10:00,423,35,2,-81.0,892.0
386.0,2013-01-15 00:10:00,424,35,2,-81.0,893.0
393.0,2013-01-16 00:10:00,425,36,2,-81.0,893.0
388.0,2013-01-17 00:10:00,426,36,2,-79.0,893.0
392.0,2013-01-18 00:10:00,427,37,2,-81.0,893.0
391.0,2013-01-19 00:10:00,428,37,2,-81.0,894.0
387.0,2013-01-20 00:10:00,429,38,2,-82.0,895.0
390.0,2013-01-21 00:10:00,430,38,2,-82.0,896.0
389.0,2013-01-22 00:10:00,431,39,2,-83.0,895.0
395.0,2013-01-23 00:10:00,432,39,2,-80.0,896.0
394.0,2013-01-24 00:10:00,433,40,2,-81.0,895.0
397.0,2013-01-26 00:10:00,434,40,2,-80.0,896.0
396.0,2013-01-27 00:10:00,435,40,2,-81.0,896.0
398.0,2013-01-28 00:10:00,436,41,2,-81.0,897.0
399.0,2013-01-29 00:10:00,437,41,2,-82.0,898.0
400.0,2013-01-30 00:10:00,438,42,2,-79.0,899.0
401.0,2013-01-31 00:10:00,439,42,2,-80.0,899.0
404.0,2013-01-01 00:11:00,440,43,2,-80.0,899.0
402.0,2013-01-02 00:11:00,441,43,2,-81.0,900.0
405.0,2013-01-03 00:11:00,442,44,2,-80.0,900.0
403.0,2013-01-04 00:11:00,443,44,2,-81.0,901.0
407.0,2013-01-16 00:11:00,455,50,2,-84.0,905.0
406.0,2013-01-17 00:11:00,456,50,2,-83.0,905.0
409.0,2013-01-24 00:11:00,463,53,2,-86.0,906.0
410.0,2013-01-25 00:11:00,464,54,2,-84.0,906.0
412.0,2013-01-26 00:11:00,465,54,2,-85.0,906.0
415.0,2013-01-27 00:11:00,466,55,2,-85.0,907.0
411.0,2013-01-28 00:11:00,467,55,2,-84.0,907.0
414.0,2013-01-29 00:11:00,468,55,2,-85.0,907.0
413.0,2013-01-30 00:11:00,469,56,2,-85.0,908.0
475.0,2013-01-02 00:12:00,470,56,2,-85.0,907.0
479.0,2013-01-03 00:12:00,471,57,2,-84.0,906.0
416.0,2013-01-04 00:12:00,472,57,2,-84.0,907.0
417.0,2013-01-05 00:12:00,473,58,2,-86.0,907.0
420.0,2013-01-06 00:12:00,474,58,2,-84.0,906.0
419.0,2013-01-07 00:12:00,475,59,2,-85.0,906.0
418.0,2013-01-08 00:12:00,476,59,2,-85.0,906.0
421.0,2013-01-09 00:12:00,477,60,3,-85.0,907.0
422.0,2013-01-18 00:12:00,486,64,3,-84.0,904.0
473.0,2013-01-19 00:12:00,487,64,3,-85.0,904.0
480.0,2013-01-20 00:12:00,488,64,3,-87.0,903.0
423.0,2013-01-21 00:12:00,489,65,3,-85.0,904.0
434.0,2013-01-22 00:12:00,490,65,3,-87.0,903.0
433.0,2013-01-23 00:12:00,491,66,3,-86.0,903.0
427.0,2013-01-24 00:12:00,492,66,3,-86.0,903.0
426.0,2013-01-25 00:12:00,493,67,3,-84.0,902.0
429.0,2013-01-26 00:12:00,494,67,3,-85.0,902.0
431.0,2013-01-27 00:12:00,495,68,3,-86.0,900.0
428.0,2013-01-28 00:12:00,496,68,3,-85.0,901.0
425.0,2013-01-29 00:12:00,497,69,3,-86.0,901.0
424.0,2013-01-30 00:12:00,498,69,3,-86.0,901.0
432.0,2013-01-31 00:12:00,499,69,3,-84.0,899.0
430.0,2014-01-01 00:01:00,500,70,3,-85.0,897.0
435.0,2014-01-02 00:01:00,501,70,3,-86.0,898.0
437.0,2014-01-03 00:01:00,502,71,3,-87.0,898.0
483.0,2014-01-04 00:01:00,503,71,3,-86.0,897.0
436.0,2014-01-05 00:01:00,504,72,3,-85.0,895.0
438.0,2014-01-06 00:01:00,505,72,3,-85.0,895.0
439.0,2014-01-08 00:01:00,506,73,3,-86.0,894.0
440.0,2014-01-09 00:01:00,507,73,3,-85.0,894.0
442.0,2014-01-10 00:01:00,508,73,3,-83.0,893.0
443.0,2014-01-11 00:01:00,509,74,3,-86.0,895.0
441.0,2014-01-12 00:01:00,510,74,3,-85.0,892.0
446.0,2014-01-13 00:01:00,511,75,3,-85.0,892.0
444.0,2014-01-14 00:01:00,512,75,3,-86.0,890.0
445.0,2014-01-15 00:01:00,513,76,3,-86.0,889.0
447.0,2014-01-16 00:01:00,514,76,3,-86.0,888.0
450.0,2014-01-17 00:01:00,515,77,3,-86.0,888.0
449.0,2014-01-18 00:01:00,516,77,3,-86.0,888.0
448.0,2014-01-19 00:01:00,517,77,3,-86.0,885.0
451.0,2014-01-20 00:01:00,518,78,3,-85.0,885.0
452.0,2014-01-21 00:01:00,519,78,3,-86.0,884.0
453.0,2014-01-22 00:01:00,520,79,3,-86.0,884.0
454.0,2014-01-23 00:01:00,521,79,3,-87.0,882.0
455.0,2014-01-24 00:01:00,522,80,3,-85.0,881.0
458.0,2014-01-25 00:01:00,523,80,3,-85.0,881.0
457.0,2014-01-26 00:01:00,524,81,3,-85.0,880.0
456.0,2014-01-27 00:01:00,525,81,3,-87.0,878.0
459.0,2014-01-28 00:01:00,526,82,3,-87.0,878.0
460.0,2014-01-29 00:01:00,527,82,3,-86.0,877.0
461.0,2014-01-30 00:01:00,528,82,3,-86.0,876.0
462.0,2014-01-31 00:01:00,529,83,3,-87.0,875.0
463.0,2014-01-01 00:02:00,530,83,3,-87.0,873.0
465.0,2014-01-02 00:02:00,531,84,3,-87.0,872.0
464.0,2014-01-03 00:02:00,532,84,3,-88.0,872.0
466.0,2014-01-04 00:02:00,533,85,3,-87.0,871.0
467.0,2014-01-05 00:02:00,534,85,3,-86.0,869.0
468.0,2014-01-06 00:02:00,535,86,3,-88.0,868.0
470.0,2014-01-07 00:02:00,536,86,3,-83.0,867.0
469.0,2014-01-08 00:02:00,537,86,3,-83.0,865.0
472.0,2014-01-09 00:02:00,538,87,3,-85.0,865.0
476.0,2014-01-10 00:02:00,539,87,3,-85.0,864.0
481.0,2014-01-11 00:02:00,540,88,3,-84.0,862.0
482.0,2014-01-12 00:02:00,541,88,3,-84.0,861.0
477.0,2014-01-13 00:02:00,542,89,3,-85.0,859.0
486.0,2014-01-15 00:02:00,543,89,3,-84.0,858.0
487.0,2014-01-16 00:02:00,544,90,4,-86.0,857.0
490.0,2014-01-17 00:02:00,545,90,4,-85.0,856.0
489.0,2014-01-18 00:02:00,546,91,4,-85.0,855.0
488.0,2014-01-19 00:02:00,547,91,4,-85.0,853.0
491.0,2014-01-20 00:02:00,548,91,4,-86.0,852.0
492.0,2014-01-21 00:02:00,549,92,4,-87.0,851.0
494.0,2014-01-22 00:02:00,550,92,4,-85.0,850.0
495.0,2014-01-23 00:02:00,551,93,4,-85.0,848.0
493.0,2014-01-24 00:02:00,552,93,4,-86.0,847.0
496.0,2014-01-25 00:02:00,553,94,4,-84.0,845.0
497.0,2014-01-26 00:02:00,554,94,4,-84.0,843.0
499.0,2014-01-27 00:02:00,555,95,4,-85.0,843.0
501.0,2014-01-28 00:02:00,556,95,4,-85.0,842.0
498.0,2014-01-01 00:03:00,557,96,4,-85.0,840.0
500.0,2014-01-02 00:03:00,558,96,4,-85.0,839.0
502.0,2014-01-03 00:03:00,559,96,4,-85.0,838.0
503.0,2014-01-04 00:03:00,560,97,4,-86.0,836.0
504.0,2014-01-05 00:03:00,561,97,4,-85.0,835.0
506.0,2014-01-06 00:03:00,562,98,4,-85.0,834.0
505.0,2014-01-07 00:03:00,563,98,4,-87.0,833.0
509.0,2014-01-08 00:03:00,564,99,4,-86.0,831.0
508.0,2014-01-09 00:03:00,565,99,4,-85.0,830.0
507.0,2014-01-10 00:03:00,566,100,4,-86.0,829.0
510.0,2014-01-11 00:03:00,567,100,4,-86.0,827.0
511.0,2014-01-12 00:03:00,568,101,4,-86.0,825.0
512.0,2014-01-13 00:03:00,569,101,4,-85.0,825.0
513.0,2014-01-14 00:03:00,570,102,4,-84.0,823.0
515.0,2014-01-15 00:03:00,571,102,4,-84.0,821.0
514.0,2014-01-16 00:03:00,572,102,4,-85.0,820.0
516.0,2014-01-17 00:03:00,573,103,4,-84.0,819.0
517.0,2014-01-18 00:03:00,574,103,4,-85.0,817.0
518.0,2014-01-19 00:03:00,575,104,4,-82.0,816.0
520.0,2014-01-20 00:03:00,576,104,4,-84.0,815.0
519.0,2014-01-21 00:03:00,577,105,4,-84.0,813.0
521.0,2014-01-22 00:03:00,578,105,4,-83.0,812.0
522.0,2014-01-24 00:03:00,579,106,4,-82.0,811.0
523.0,2014-01-25 00:03:00,580,106,4,-83.0,810.0
524.0,2014-01-26 00:03:00,581,107,4,-84.0,808.0
525.0,2014-01-27 00:03:00,582,107,4,-84.0,807.0
526.0,2014-01-28 00:03:00,583,108,4,-82.0,806.0
528.0,2014-01-29 00:03:00,584,108,4,-82.0,804.0
527.0,2014-01-30 00:03:00,585,109,4,-83.0,802.0
529.0,2014-01-31 00:03:00,586,109,4,-82.0,802.0
530.0,2014-01-01 00:04:00,587,109,4,-85.0,801.0
532.0,2014-01-02 00:04:00,588,110,4,-84.0,799.0
531.0,2014-01-03 00:04:00,589,110,4,-85.0,798.0
535.0,2014-01-04 00:04:00,590,111,4,-82.0,797.0
533.0,2014-01-05 00:04:00,591,111,4,-82.0,795.0
534.0,2014-01-06 00:04:00,592,112,4,-83.0,795.0
536.0,2014-01-07 00:04:00,593,112,4,-83.0,795.0
537.0,2014-01-08 00:04:00,594,113,4,-83.0,793.0
538.0,2014-01-09 00:04:00,595,113,4,-83.0,792.0
539.0,2014-01-10 00:04:00,596,114,4,-82.0,791.0
540.0,2014-01-11 00:04:00,597,114,4,-84.0,790.0
542.0,2014-01-12 00:04:00,598,115,4,-84.0,787.0
543.0,2014-01-13 00:04:00,599,115,4,-84.0,788.0
541.0,2014-01-14 00:04:00,600,116,4,-81.0,787.0
544.0,2014-01-15 00:04:00,601,116,4,-82.0,785.0
545.0,2014-01-16 00:04:00,602,117,4,-82.0,784.0
548.0,2014-01-17 00:04:00,603,117,4,-83.0,783.0
546.0,2014-01-18 00:04:00,604,118,4,-84.0,782.0
547.0,2014-01-19 00:04:00,605,118,4,-83.0,781.0
549.0,2014-01-20 00:04:00,606,118,4,-84.0,780.0
550.0,2014-01-21 00:04:00,607,119,4,-83.0,779.0
551.0,2014-01-22 00:04:00,608,119,4,-85.0,777.0
552.0,2014-01-23 00:04:00,609,120,5,-84.0,777.0
554.0,2014-01-24 00:04:00,610,120,5,-85.0,776.0
555.0,2014-01-25 00:04:00,611,121,5,-84.0,775.0
553.0,2014-01-26 00:04:00,612,121,5,-85.0,774.0
556.0,2014-01-27 00:04:00,613,122,5,-84.0,773.0
557.0,2014-01-28 00:04:00,614,122,5,-82.0,772.0
558.0,2014-01-29 00:04:00,615,123,5,-83.0,771.0
559.0,2014-01-01 00:05:00,616,123,5,-82.0,769.0
561.0,2014-01-02 00:05:00,617,124,5,-84.0,769.0
562.0,2014-01-03 00:05:00,618,124,5,-83.0,769.0
560.0,2014-01-04 00:05:00,619,125,5,-82.0,766.0
563.0,2014-01-05 00:05:00,620,125,5,-83.0,765.0
564.0,2014-01-06 00:05:00,621,126,5,-82.0,765.0
565.0,2014-01-07 00:05:00,622,126,5,-84.0,763.0
566.0,2014-01-08 00:05:00,623,127,5,-83.0,763.0
568.0,2014-01-09 00:05:00,624,127,5,-82.0,762.0
569.0,2014-01-10 00:05:00,625,128,5,-81.0,761.0
567.0,2014-01-11 00:05:00,626,128,5,-82.0,760.0
570.0,2014-01-12 00:05:00,627,129,5,-82.0,759.0
571.0,2014-01-13 00:05:00,628,129,5,-81.0,759.0
572.0,2014-01-14 00:05:00,629,130,5,-84.0,759.0
573.0,2014-01-15 00:05:00,630,130,5,-82.0,757.0
576.0,2014-01-16 00:05:00,631,131,5,-81.0,756.0
575.0,2014-01-17 00:05:00,632,131,5,-79.0,755.0
574.0,2014-01-18 00:05:00,633,132,5,-81.0,754.0
577.0,2014-01-19 00:05:00,634,132,5,-82.0,753.0
578.0,2014-01-20 00:05:00,635,133,5,-82.0,754.0
582.0,2014-01-21 00:05:00,636,133,5,-81.0,752.0
580.0,2014-01-22 00:05:00,637,134,5,-80.0,752.0
579.0,2014-01-23 00:05:00,638,134,5,-80.0,751.0
581.0,2014-01-24 00:05:00,639,135,5,-80.0,750.0
583.0,2014-01-25 00:05:00,640,135,5,-81.0,750.0
584.0,2014-01-26 00:05:00,641,136,5,-81.0,749.0
585.0,2014-01-27 00:05:00,642,136,5,-80.0,749.0
586.0,2014-01-28 00:05:00,643,137,5,-80.0,748.0
588.0,2014-01-29 00:05:00,644,137,5,-80.0,748.0
589.0,2014-01-30 00:05:00,645,138,5,-81.0,746.0
587.0,2014-01-31 00:05:00,646,138,5,-81.0,746.0
590.0,2014-01-01 00:06:00,647,139,5,-79.0,746.0
591.0,2014-01-02 00:06:00,648,139,5,-80.0,746.0
592.0,2014-01-03 00:06:00,649,140,5,-79.0,745.0
593.0,2014-01-04 00:06:00,650,140,5,-80.0,743.0
595.0,2014-01-05 00:06:00,651,141,5,-80.0,743.0
594.0,2014-01-07 00:06:00,652,141,5,-79.0,745.0
596.0,2014-01-08 00:06:00,653,142,5,-80.0,744.0
597.0,2014-01-09 00:06:00,654,142,5,-79.0,742.0
598.0,2014-01-10 00:06:00,655,143,5,-77.0,741.0
599.0,2014-01-11 00:06:00,656,143,5,-80.0,740.0
600.0,2014-01-12 00:06:00,657,144,5,-79.0,739.0
602.0,2014-01-13 00:06:00,658,144,5,-79.0,739.0
603.0,2014-01-14 00:06:00,659,145,5,-77.0,738.0
601.0,2014-01-15 00:06:00,660,145,5,-78.0,735.0
604.0,2014-01-16 00:06:00,661,146,5,-76.0,735.0
605.0,2014-01-17 00:06:00,662,146,5,-77.0,735.0
609.0,2014-01-18 00:06:00,663,147,5,-77.0,734.0
607.0,2014-01-19 00:06:00,664,147,5,-78.0,732.0
610.0,2014-01-20 00:06:00,665,148,5,-78.0,735.0
608.0,2014-01-21 00:06:00,666,148,5,-77.0,736.0
606.0,2014-01-22 00:06:00,667,149,5,-76.0,736.0
611.0,2014-01-23 00:06:00,668,150,6,-75.0,734.0
613.0,2014-01-24 00:06:00,669,150,6,-84.0,735.0
612.0,2014-01-25 00:06:00,670,151,6,-79.0,737.0
614.0,2014-01-26 00:06:00,671,151,6,-79.0,740.0
615.0,2014-01-27 00:06:00,672,152,6,-78.0,739.0
616.0,2014-01-28 00:06:00,673,152,6,-78.0,738.0
617.0,2014-01-29 00:06:00,674,153,6,-80.0,739.0
618.0,2014-01-30 00:06:00,675,153,6,-80.0,740.0
619.0,2014-01-01 00:07:00,676,154,6,-80.0,738.0
622.0,2014-01-02 00:07:00,677,154,6,-78.0,737.0
621.0,2014-01-03 00:07:00,678,155,6,-77.0,739.0
624.0,2014-01-04 00:07:00,679,155,6,-77.0,738.0
620.0,2014-01-05 00:07:00,680,156,6,-76.0,740.0
623.0,2014-01-06 00:07:00,681,156,6,-79.0,738.0
625.0,2014-01-07 00:07:00,682,157,6,-77.0,739.0
626.0,2014-01-08 00:07:00,683,158,6,-79.0,741.0
627.0,2014-01-09 00:07:00,684,158,6,-75.0,741.0
628.0,2014-01-10 00:07:00,685,159,6,-77.0,740.0
629.0,2014-01-11 00:07:00,686,159,6,-76.0,738.0
630.0,2014-01-12 00:07:00,687,160,6,-77.0,739.0
631.0,2014-01-14 00:07:00,688,160,6,-77.0,741.0
632.0,2014-01-15 00:07:00,689,161,6,-76.0,742.0
633.0,2014-01-16 00:07:00,690,161,6,-77.0,741.0
634.0,2014-01-17 00:07:00,691,162,6,-76.0,741.0
637.0,2014-01-18 00:07:00,692,162,6,-76.0,742.0
636.0,2014-01-19 00:07:00,693,163,6,-76.0,741.0
635.0,2014-01-20 00:07:00,694,164,6,-75.0,740.0
638.0,2014-01-21 00:07:00,695,164,6,-76.0,741.0
639.0,2014-01-22 00:07:00,696,165,6,-75.0,743.0
640.0,2014-01-23 00:07:00,697,165,6,-74.0,743.0
641.0,2014-01-24 00:07:00,698,166,6,-77.0,743.0
642.0,2014-01-25 00:07:00,699,166,6,-76.0,744.0
643.0,2014-01-26 00:07:00,700,167,6,-75.0,745.0
644.0,2014-01-27 00:07:00,701,167,6,-77.0,745.0
645.0,2014-01-28 00:07:00,702,168,6,-76.0,745.0
646.0,2014-01-29 00:07:00,703,169,6,-75.0,747.0
647.0,2014-01-30 00:07:00,704,169,6,-75.0,747.0
648.0,2014-01-31 00:07:00,705,170,6,-76.0,746.0
650.0,2014-01-01 00:08:00,706,170,6,-76.0,748.0
651.0,2014-01-02 00:08:00,707,171,6,-76.0,749.0
649.0,2014-01-03 00:08:00,708,171,6,-76.0,749.0
652.0,2014-01-04 00:08:00,709,172,6,-73.0,750.0
653.0,2014-01-05 00:08:00,710,172,6,-77.0,751.0
654.0,2014-01-06 00:08:00,711,173,6,-75.0,751.0
658.0,2014-01-07 00:08:00,712,174,6,-77.0,752.0
656.0,2014-01-08 00:08:00,713,174,6,-76.0,754.0
655.0,2014-01-09 00:08:00,714,175,6,-76.0,754.0
657.0,2014-01-10 00:08:00,715,175,6,-73.0,755.0
659.0,2014-01-11 00:08:00,716,176,6,-75.0,755.0
661.0,2014-01-12 00:08:00,717,176,6,-76.0,756.0
660.0,2014-01-13 00:08:00,718,177,6,-77.0,757.0
662.0,2014-01-14 00:08:00,719,178,6,-77.0,758.0
663.0,2014-01-15 00:08:00,720,178,6,-74.0,760.0
664.0,2014-01-16 00:08:00,721,179,6,-73.0,761.0
665.0,2014-01-17 00:08:00,722,179,6,-74.0,760.0
666.0,2014-01-18 00:08:00,723,180,7,-73.0,761.0
667.0,2014-01-19 00:08:00,724,181,7,-74.0,763.0
669.0,2014-01-21 00:08:00,725,181,7,-73.0,764.0
668.0,2014-01-22 00:08:00,726,182,7,-75.0,766.0
671.0,2014-01-23 00:08:00,727,182,7,-76.0,766.0
670.0,2014-01-24 00:08:00,728,183,7,-74.0,766.0
672.0,2014-01-25 00:08:00,729,183,7,-75.0,768.0
676.0,2014-01-26 00:08:00,730,184,7,-76.0,770.0
673.0,2014-01-27 00:08:00,731,185,7,-75.0,771.0
677.0,2014-01-28 00:08:00,732,185,7,-75.0,773.0
674.0,2014-01-29 00:08:00,733,186,7,-74.0,773.0
675.0,2014-01-30 00:08:00,734,186,7,-73.0,776.0
678.0,2014-01-31 00:08:00,735,187,7,-73.0,776.0
679.0,2014-01-01 00:09:00,736,188,7,-76.0,776.0
680.0,2014-01-02 00:09:00,737,188,7,-74.0,777.0
681.0,2014-01-03 00:09:00,738,189,7,-75.0,778.0
682.0,2014-01-04 00:09:00,739,189,7,-77.0,779.0
685.0,2014-01-05 00:09:00,740,190,7,-76.0,782.0
683.0,2014-01-06 00:09:00,741,191,7,-70.0,784.0
684.0,2014-01-07 00:09:00,742,191,7,-72.0,784.0
686.0,2014-01-08 00:09:00,743,192,7,-72.0,786.0
687.0,2014-01-09 00:09:00,744,192,7,-75.0,786.0
689.0,2014-01-10 00:09:00,745,193,7,-74.0,787.0
688.0,2014-01-11 00:09:00,746,194,7,-76.0,788.0
691.0,2014-01-12 00:09:00,747,194,7,-73.0,789.0
690.0,2014-01-13 00:09:00,748,195,7,-71.0,791.0
692.0,2014-01-14 00:09:00,749,195,7,-73.0,794.0
693.0,2014-01-15 00:09:00,750,196,7,-72.0,796.0
695.0,2014-01-16 00:09:00,751,197,7,-72.0,797.0
694.0,2014-01-17 00:09:00,752,197,7,-71.0,798.0
698.0,2014-01-18 00:09:00,753,198,7,-73.0,800.0
696.0,2014-01-19 00:09:00,754,198,7,-73.0,802.0
697.0,2014-01-20 00:09:00,755,199,7,-74.0,806.0
699.0,2014-01-21 00:09:00,756,200,7,-73.0,806.0
700.0,2014-01-22 00:09:00,757,200,7,-73.0,807.0
701.0,2014-01-23 00:09:00,758,201,7,-71.0,810.0
702.0,2014-01-24 00:09:00,759,201,7,-77.0,809.0
704.0,2014-01-25 00:09:00,760,202,7,-70.0,810.0
705.0,2014-01-27 00:09:00,761,203,7,-72.0,814.0
703.0,2014-01-28 00:09:00,762,203,7,-75.0,814.0
706.0,2014-01-29 00:09:00,763,204,7,-78.0,817.0
707.0,2014-01-30 00:09:00,764,205,7,-73.0,821.0
708.0,2014-01-01 00:10:00,765,205,7,-73.0,820.0
709.0,2014-01-02 00:10:00,766,206,7,-70.0,824.0
710.0,2014-01-03 00:10:00,767,206,7,-71.0,824.0
712.0,2014-01-04 00:10:00,768,207,7,-73.0,826.0
711.0,2014-01-05 00:10:00,769,208,7,-73.0,829.0
713.0,2014-01-06 00:10:00,770,208,7,-70.0,829.0
714.0,2014-01-07 00:10:00,771,209,7,-71.0,836.0
715.0,2014-01-08 00:10:00,772,210,8,-71.0,835.0
716.0,2014-01-09 00:10:00,773,210,8,-70.0,838.0
719.0,2014-01-10 00:10:00,774,211,8,-73.0,838.0
717.0,2014-01-11 00:10:00,775,211,8,-71.0,838.0
718.0,2014-01-12 00:10:00,776,212,8,-72.0,841.0
720.0,2014-01-13 00:10:00,777,213,8,-72.0,841.0
721.0,2014-01-14 00:10:00,778,213,8,-70.0,846.0
722.0,2014-01-15 00:10:00,779,214,8,-71.0,845.0
723.0,2014-01-16 00:10:00,780,215,8,-72.0,852.0
725.0,2014-01-17 00:10:00,781,215,8,-74.0,849.0
724.0,2014-01-18 00:10:00,782,216,8,-71.0,854.0
727.0,2014-01-19 00:10:00,783,216,8,-69.0,853.0
726.0,2014-01-20 00:10:00,784,217,8,-69.0,857.0
728.0,2014-01-21 00:10:00,785,218,8,-74.0,858.0
729.0,2014-01-22 00:10:00,786,218,8,-74.0,861.0
732.0,2014-01-23 00:10:00,787,219,8,-73.0,860.0
731.0,2014-01-24 00:10:00,788,220,8,-68.0,862.0
730.0,2014-01-25 00:10:00,789,220,8,-68.0,862.0
733.0,2014-01-26 00:10:00,790,221,8,-68.0,864.0
734.0,2014-01-27 00:10:00,791,222,8,-70.0,867.0
735.0,2014-01-28 00:10:00,792,222,8,-71.0,873.0
736.0,2014-01-29 00:10:00,793,223,8,-71.0,877.0
739.0,2014-01-30 00:10:00,794,223,8,-68.0,874.0
738.0,2014-01-31 00:10:00,795,224,8,-68.0,875.0
737.0,2014-01-01 00:11:00,796,225,8,-65.0,877.0
740.0,2014-01-03 00:11:00,797,225,8,-65.0,879.0
741.0,2014-01-04 00:11:00,798,226,8,-67.0,883.0
743.0,2014-01-05 00:11:00,799,227,8,-70.0,884.0
742.0,2014-01-06 00:11:00,800,227,8,-67.0,884.0
746.0,2014-01-07 00:11:00,801,228,8,-70.0,884.0
745.0,2014-01-08 00:11:00,802,229,8,-69.0,887.0
744.0,2014-01-09 00:11:00,803,229,8,-69.0,888.0
747.0,2014-01-10 00:11:00,804,230,8,-73.0,891.0
748.0,2014-01-11 00:11:00,805,231,8,-70.0,893.0
750.0,2014-01-12 00:11:00,806,231,8,-69.0,893.0
749.0,2014-01-13 00:11:00,807,232,8,-71.0,892.0
752.0,2014-01-14 00:11:00,808,232,8,-67.0,893.0
753.0,2014-01-15 00:11:00,809,233,8,-70.0,895.0
751.0,2014-01-16 00:11:00,810,234,8,-69.0,897.0
754.0,2014-01-17 00:11:00,811,234,8,-71.0,900.0
755.0,2014-01-18 00:11:00,812,235,8,-75.0,902.0
756.0,2014-01-19 00:11:00,813,236,8,-67.0,904.0
757.0,2014-01-20 00:11:00,814,236,8,-68.0,902.0
759.0,2014-01-21 00:11:00,815,237,8,-69.0,905.0
758.0,2014-01-22 00:11:00,816,238,8,-74.0,909.0
761.0,2014-01-23 00:11:00,817,238,8,-69.0,913.0
760.0,2014-01-24 00:11:00,818,239,8,-68.0,914.0
763.0,2014-01-25 00:11:00,819,240,9,-71.0,913.0
765.0,2014-01-26 00:11:00,820,240,9,-68.0,910.0
762.0,2014-01-27 00:11:00,821,241,9,-68.0,910.0
764.0,2014-01-28 00:11:00,822,242,9,-71.0,911.0
766.0,2014-01-29 00:11:00,823,242,9,-69.0,912.0
768.0,2014-01-30 00:11:00,824,243,9,-67.0,914.0
767.0,2014-01-01 00:12:00,825,243,9,-67.0,914.0
770.0,2014-01-02 00:12:00,826,244,9,-68.0,914.0
769.0,2014-01-03 00:12:00,827,245,9,-68.0,911.0
771.0,2014-01-04 00:12:00,828,245,9,-71.0,914.0
773.0,2014-01-05 00:12:00,829,246,9,-71.0,914.0
772.0,2014-01-06 00:12:00,830,247,9,-68.0,918.0
774.0,2014-01-07 00:12:00,831,247,9,-68.0,920.0
775.0,2014-01-08 00:12:00,832,248,9,-68.0,924.0
776.0,2014-01-09 00:12:00,833,249,9,-69.0,923.0
777.0,2014-01-11 00:12:00,834,249,9,-68.0,918.0
780.0,2014-01-12 00:12:00,835,250,9,-69.0,917.0
778.0,2014-01-13 00:12:00,836,251,9,-69.0,916.0
779.0,2014-01-14 00:12:00,837,251,9,-69.0,916.0
782.0,2014-01-15 00:12:00,838,252,9,-69.0,917.0
781.0,2014-01-16 00:12:00,839,253,9,-70.0,917.0
783.0,2014-01-17 00:12:00,840,253,9,-74.0,913.0
784.0,2014-01-18 00:12:00,841,254,9,-75.0,914.0
790.0,2014-01-19 00:12:00,842,255,9,-69.0,914.0
793.0,2014-01-20 00:12:00,843,255,9,-69.0,916.0
788.0,2014-01-21 00:12:00,844,256,9,-68.0,917.0
786.0,2014-01-22 00:12:00,845,257,9,-73.0,920.0
785.0,2014-01-23 00:12:00,846,257,9,-74.0,925.0
791.0,2014-01-24 00:12:00,847,258,9,-69.0,918.0
792.0,2014-01-25 00:12:00,848,258,9,-69.0,918.0
787.0,2014-01-26 00:12:00,849,259,9,-69.0,918.0
789.0,2014-01-27 00:12:00,850,260,9,-68.0,918.0
794.0,2014-01-28 00:12:00,851,260,9,-68.0,919.0
797.0,2014-01-29 00:12:00,852,261,9,-73.0,916.0
796.0,2014-01-30 00:12:00,853,262,9,-67.0,913.0
798.0,2014-01-31 00:12:00,854,262,9,-66.0,910.0
799.0,2015-01-01 00:01:00,855,263,9,-69.0,912.0
795.0,2015-01-02 00:01:00,856,264,9,-68.0,912.0
801.0,2015-01-03 00:01:00,857,264,9,-76.0,911.0
800.0,2015-01-04 00:01:00,858,265,9,-73.0,913.0
802.0,2015-01-05 00:01:00,859,266,9,-72.0,915.0
803.0,2015-01-06 00:01:00,860,266,9,-69.0,916.0
804.0,2015-01-07 00:01:00,861,267,9,-70.0,917.0
807.0,2015-01-08 00:01:00,862,268,9,-70.0,917.0
805.0,2015-01-09 00:01:00,863,268,9,-72.0,916.0
806.0,2015-01-10 00:01:00,864,269,9,-70.0,914.0
808.0,2015-01-11 00:01:00,865,270,10,-70.0,913.0
809.0,2015-01-12 00:01:00,866,270,10,-71.0,911.0
810.0,2015-01-13 00:01:00,867,271,10,-71.0,910.0
811.0,2015-01-14 00:01:00,868,271,10,-71.0,908.0
812.0,2015-01-15 00:01:00,869,272,10,-72.0,906.0
813.0,2015-01-17 00:01:00,870,273,10,-74.0,909.0
814.0,2015-01-18 00:01:00,871,273,10,-70.0,903.0
815.0,2015-01-19 00:01:00,872,274,10,-72.0,902.0
817.0,2015-01-28 00:01:00,881,280,10,-73.0,899.0
818.0,2015-01-29 00:01:00,882,280,10,-76.0,901.0
820.0,2015-01-30 00:01:00,883,281,10,-74.0,897.0
821.0,2015-01-31 00:01:00,884,282,10,-71.0,897.0
819.0,2015-01-01 00:02:00,885,282,10,-71.0,895.0
823.0,2015-01-02 00:02:00,886,283,10,-73.0,894.0
822.0,2015-01-03 00:02:00,887,284,10,-73.0,897.0
824.0,2015-01-04 00:02:00,888,284,10,-70.0,896.0
825.0,2015-01-05 00:02:00,889,285,10,-70.0,895.0
826.0,2015-01-06 00:02:00,890,286,10,-72.0,892.0
827.0,2015-01-07 00:02:00,891,286,10,-72.0,892.0
828.0,2015-01-08 00:02:00,892,287,10,-71.0,892.0
829.0,2015-01-09 00:02:00,893,287,10,-72.0,890.0
830.0,2015-01-10 00:02:00,894,288,10,-75.0,891.0
831.0,2015-01-11 00:02:00,895,289,10,-72.0,889.0
833.0,2015-01-12 00:02:00,896,289,10,-70.0,888.0
832.0,2015-01-13 00:02:00,897,290,10,-72.0,884.0
834.0,2015-01-14 00:02:00,898,291,10,-72.0,883.0
835.0,2015-01-15 00:02:00,899,291,10,-75.0,881.0
836.0,2015-01-16 00:02:00,900,292,10,-70.0,883.0
837.0,2015-01-17 00:02:00,901,292,10,-71.0,885.0
838.0,2015-01-18 00:02:00,902,293,10,-68.0,883.0
839.0,2015-01-19 00:02:00,903,294,10,-71.0,882.0
841.0,2015-01-20 00:02:00,904,294,10,-71.0,878.0
840.0,2015-01-21 00:02:00,905,295,10,-71.0,880.0
843.0,2015-01-22 00:02:00,906,296,10,-76.0,878.0
842.0,2015-01-24 00:02:00,907,296,10,-75.0,879.0
844.0,2015-01-25 00:02:00,908,297,10,-71.0,883.0
845.0,2015-01-26 00:02:00,909,297,10,-70.0,878.0
847.0,2015-01-27 00:02:00,910,298,10,-73.0,878.0
846.0,2015-01-28 00:02:00,911,299,10,-70.0,874.0
849.0,2015-01-01 00:03:00,912,299,10,-75.0,875.0
848.0,2015-01-02 00:03:00,913,300,11,-71.0,871.0
850.0,2015-01-03 00:03:00,914,300,11,-71.0,874.0
851.0,2015-01-04 00:03:00,915,301,11,-71.0,878.0
852.0,2015-01-05 00:03:00,916,302,11,-71.0,872.0
854.0,2015-01-06 00:03:00,917,302,11,-76.0,871.0
853.0,2015-01-07 00:03:00,918,303,11,-71.0,867.0
855.0,2015-01-08 00:03:00,919,304,11,-74.0,870.0
856.0,2015-01-09 00:03:00,920,304,11,-72.0,868.0
857.0,2015-01-10 00:03:00,921,305,11,-70.0,867.0
858.0,2015-01-11 00:03:00,922,305,11,-73.0,870.0
859.0,2015-01-12 00:03:00,923,306,11,-72.0,867.0
861.0,2015-01-13 00:03:00,924,307,11,-74.0,867.0
860.0,2015-01-14 00:03:00,925,307,11,-71.0,862.0
862.0,2015-01-15 00:03:00,926,308,11,-76.0,864.0
863.0,2015-01-16 00:03:00,927,308,11,-76.0,862.0
864.0,2015-01-17 00:03:00,928,309,11,-72.0,862.0
865.0,2015-01-18 00:03:00,929,310,11,-75.0,866.0
868.0,2015-01-19 00:03:00,930,310,11,-75.0,865.0
867.0,2015-01-20 00:03:00,931,311,11,-69.0,864.0
866.0,2015-01-21 00:03:00,932,311,11,-71.0,859.0
869.0,2015-01-22 00:03:00,933,312,11,-71.0,863.0
870.0,2015-01-23 00:03:00,934,313,11,-73.0,858.0
872.0,2015-01-24 00:03:00,935,313,11,-75.0,862.0
871.0,2015-01-25 00:03:00,936,314,11,-72.0,865.0
874.0,2015-01-26 00:03:00,937,314,11,-73.0,863.0
876.0,2015-01-29 00:03:00,940,316,11,-73.0,861.0
875.0,2015-01-30 00:03:00,941,317,11,-74.0,857.0
880.0,2015-01-31 00:03:00,942,317,11,-74.0,857.0
877.0,2015-01-02 00:04:00,943,318,11,-73.0,854.0
878.0,2015-01-03 00:04:00,944,318,11,-70.0,852.0
881.0,2015-01-04 00:04:00,945,319,11,-72.0,851.0
879.0,2015-01-05 00:04:00,946,320,11,-77.0,850.0
882.0,2015-01-06 00:04:00,947,320,11,-70.0,853.0
883.0,2015-01-07 00:04:00,948,321,11,-73.0,854.0
884.0,2015-01-08 00:04:00,949,321,11,-72.0,851.0
885.0,2015-01-09 00:04:00,950,322,11,-73.0,850.0
888.0,2015-01-10 00:04:00,951,323,11,-75.0,849.0
886.0,2015-01-11 00:04:00,952,323,11,-69.0,847.0
887.0,2015-01-12 00:04:00,953,324,11,-71.0,847.0
889.0,2015-01-13 00:04:00,954,324,11,-73.0,847.0
892.0,2015-01-17 00:04:00,958,327,11,-74.0,848.0
891.0,2015-01-18 00:04:00,959,327,11,-78.0,846.0
893.0,2015-01-19 00:04:00,960,328,11,-76.0,846.0
895.0,2015-01-20 00:04:00,961,328,11,-71.0,849.0
894.0,2015-01-21 00:04:00,962,329,11,-73.0,845.0
896.0,2015-01-22 00:04:00,963,329,11,-71.0,850.0
897.0,2015-01-23 00:04:00,964,330,12,-72.0,847.0
898.0,2015-01-24 00:04:00,965,331,12,-75.0,847.0
900.0,2015-01-25 00:04:00,966,331,12,-73.0,850.0
899.0,2015-01-26 00:04:00,967,332,12,-74.0,844.0
901.0,2015-01-27 00:04:00,968,332,12,-71.0,848.0
902.0,2015-01-28 00:04:00,969,333,12,-72.0,844.0
903.0,2015-01-29 00:04:00,970,333,12,-71.0,849.0
906.0,2015-01-30 00:04:00,971,334,12,-71.0,848.0
904.0,2015-01-01 00:05:00,972,334,12,-73.0,847.0
905.0,2015-01-02 00:05:00,973,335,12,-72.0,844.0
907.0,2015-01-03 00:05:00,974,336,12,-73.0,842.0
908.0,2015-01-04 00:05:00,975,336,12,-73.0,843.0
909.0,2015-01-05 00:05:00,976,337,12,-75.0,842.0
910.0,2015-01-06 00:05:00,977,337,12,-75.0,841.0
913.0,2015-01-07 00:05:00,978,338,12,-73.0,842.0
912.0,2015-01-09 00:05:00,979,338,12,-79.0,841.0
911.0,2015-01-10 00:05:00,980,339,12,-73.0,840.0
914.0,2015-01-11 00:05:00,981,339,12,-73.0,841.0
917.0,2015-01-12 00:05:00,982,340,12,-74.0,840.0
916.0,2015-01-13 00:05:00,983,340,12,-76.0,840.0
915.0,2015-01-14 00:05:00,984,341,12,-74.0,840.0
918.0,2015-01-15 00:05:00,985,342,12,-78.0,840.0
919.0,2015-01-16 00:05:00,986,342,12,-74.0,840.0
920.0,2015-01-17 00:05:00,987,343,12,-74.0,839.0
922.0,2015-01-18 00:05:00,988,343,12,-75.0,840.0
921.0,2015-01-19 00:05:00,989,344,12,-74.0,841.0
923.0,2015-01-20 00:05:00,990,344,12,-76.0,839.0
926.0,2015-01-21 00:05:00,991,345,12,-73.0,840.0
924.0,2015-01-22 00:05:00,992,345,12,-73.0,842.0
927.0,2015-01-23 00:05:00,993,346,12,-73.0,840.0
925.0,2015-01-24 00:05:00,994,346,12,-79.0,842.0
929.0,2015-01-25 00:05:00,995,347,12,-74.0,842.0
928.0,2015-01-26 00:05:00,996,348,12,-72.0,842.0
930.0,2015-01-27 00:05:00,997,348,12,-74.0,843.0
931.0,2015-01-28 00:05:00,998,349,12,-73.0,842.0
932.0,2015-01-30 00:05:00,1000,350,12,-74.0,841.0
933.0,2015-01-31 00:05:00,1001,350,12,-79.0,843.0
936.0,2015-01-01 00:06:00,1002,351,12,-77.0,844.0
934.0,2015-01-02 00:06:00,1003,351,12,-74.0,843.0
935.0,2015-01-03 00:06:00,1004,352,12,-74.0,842.0
939.0,2015-01-04 00:06:00,1005,352,12,-75.0,843.0
941.0,2015-01-05 00:06:00,1006,353,12,-78.0,844.0
937.0,2015-01-06 00:06:00,1007,353,12,-79.0,845.0
940.0,2015-01-07 00:06:00,1008,354,12,-79.0,844.0
946.0,2015-01-08 00:06:00,1009,354,12,-75.0,845.0
947.0,2015-01-09 00:06:00,1010,355,12,-74.0,846.0
948.0,2015-01-10 00:06:00,1011,355,12,-78.0,845.0
949.0,2015-01-11 00:06:00,1012,356,12,-81.0,846.0
953.0,2015-01-12 00:06:00,1013,356,12,-80.0,846.0
950.0,2015-01-13 00:06:00,1014,357,12,-77.0,846.0
951.0,2015-01-14 00:06:00,1015,357,12,-75.0,847.0
952.0,2015-01-16 00:06:00,1016,358,12,-76.0,847.0
955.0,2015-01-17 00:06:00,1017,359,12,-78.0,850.0
956.0,2015-01-18 00:06:00,1018,359,12,-79.0,850.0
954.0,2015-01-19 00:06:00,1019,0,1,-81.0,849.0
938.0,2015-01-20 00:06:00,1020,0,1,-63.0,832.0
942.0,2015-01-21 00:06:00,1021,1,1,-76.0,850.0
944.0,2015-01-22 00:06:00,1022,1,1,-75.0,852.0
943.0,2015-01-23 00:06:00,1023,2,1,-76.0,851.0
945.0,2015-01-24 00:06:00,1024,2,1,-76.0,851.0
958.0,2015-01-25 00:06:00,1025,3,1,-74.0,851.0
957.0,2015-01-26 00:06:00,1026,3,1,-78.0,851.0
960.0,2015-01-28 00:06:00,1028,4,1,-75.0,853.0
959.0,2015-01-29 00:06:00,1029,5,1,-75.0,856.0
961.0,2015-01-30 00:06:00,1030,5,1,-77.0,855.0
963.0,2015-01-01 00:07:00,1031,6,1,-76.0,854.0
962.0,2015-01-02 00:07:00,1032,6,1,-74.0,854.0
965.0,2015-01-03 00:07:00,1033,7,1,-77.0,856.0
964.0,2015-01-04 00:07:00,1034,7,1,-76.0,859.0
966.0,2015-01-05 00:07:00,1035,8,1,-77.0,857.0
967.0,2015-01-06 00:07:00,1036,8,1,-76.0,856.0
968.0,2015-01-07 00:07:00,1037,9,1,-80.0,856.0
969.0,2015-01-08 00:07:00,1038,9,1,-76.0,858.0
970.0,2015-01-09 00:07:00,1039,10,1,-77.0,857.0
972.0,2015-01-10 00:07:00,1040,10,1,-77.0,858.0
971.0,2015-01-11 00:07:00,1041,11,1,-77.0,859.0
973.0,2015-01-12 00:07:00,1042,11,1,-76.0,859.0
974.0,2015-01-13 00:07:00,1043,12,1,-77.0,860.0
975.0,2015-01-14 00:07:00,1044,12,1,-79.0,860.0
978.0,2015-01-15 00:07:00,1045,13,1,-80.0,861.0
979.0,2015-01-16 00:07:00,1046,13,1,-77.0,862.0
977.0,2015-01-17 00:07:00,1047,14,1,-77.0,863.0
976.0,2015-01-18 00:07:00,1048,14,1,-78.0,864.0
980.0,2015-01-19 00:07:00,1049,15,1,-75.0,864.0
981.0,2015-01-20 00:07:00,1050,15,1,-76.0,863.0
983.0,2015-01-21 00:07:00,1051,16,1,-76.0,864.0
982.0,2015-01-23 00:07:00,1052,16,1,-78.0,865.0
984.0,2015-01-24 00:07:00,1053,17,1,-79.0,865.0
985.0,2015-01-25 00:07:00,1054,17,1,-77.0,867.0
987.0,2015-01-26 00:07:00,1055,17,1,-77.0,868.0
986.0,2015-01-27 00:07:00,1056,18,1,-76.0,868.0
988.0,2015-01-28 00:07:00,1057,18,1,-78.0,867.0
989.0,2015-01-29 00:07:00,1058,19,1,-78.0,868.0
990.0,2015-01-30 00:07:00,1059,19,1,-78.0,870.0
992.0,2015-01-31 00:07:00,1060,20,1,-78.0,870.0
993.0,2015-01-01 00:08:00,1061,20,1,-77.0,871.0
991.0,2015-01-02 00:08:00,1062,21,1,-77.0,871.0
994.0,2015-01-03 00:08:00,1063,21,1,-79.0,871.0
996.0,2015-01-04 00:08:00,1064,22,1,-77.0,871.0
995.0,2015-01-05 00:08:00,1065,22,1,-78.0,873.0
997.0,2015-01-06 00:08:00,1066,23,1,-78.0,875.0
998.0,2015-01-07 00:08:00,1067,23,1,-79.0,875.0
1000.0,2015-01-08 00:08:00,1068,24,1,-76.0,874.0
999.0,2015-01-09 00:08:00,1069,24,1,-77.0,876.0
1001.0,2015-01-10 00:08:00,1070,25,1,-80.0,877.0
1002.0,2015-01-11 00:08:00,1071,25,1,-78.0,878.0
1003.0,2015-01-12 00:08:00,1072,26,1,-78.0,879.0
1004.0,2015-01-13 00:08:00,1073,26,1,-82.0,879.0
1005.0,2015-01-14 00:08:00,1074,27,1,-77.0,878.0
1006.0,2015-01-15 00:08:00,1075,27,1,-77.0,879.0
1007.0,2015-01-16 00:08:00,1076,28,1,-81.0,880.0
1008.0,2015-01-17 00:08:00,1077,28,1,-79.0,880.0
1009.0,2015-01-18 00:08:00,1078,29,1,-80.0,881.0
1010.0,2015-01-19 00:08:00,1079,29,1,-80.0,882.0
1013.0,2015-01-20 00:08:00,1080,29,1,-77.0,882.0
1011.0,2015-01-21 00:08:00,1081,30,2,-77.0,882.0
1012.0,2015-01-22 00:08:00,1082,30,2,-79.0,882.0
1014.0,2015-01-23 00:08:00,1083,31,2,-80.0,883.0
1015.0,2015-01-24 00:08:00,1084,31,2,-78.0,885.0
1017.0,2015-01-25 00:08:00,1085,32,2,-79.0,886.0
1016.0,2015-01-26 00:08:00,1086,32,2,-77.0,885.0
1019.0,2015-01-27 00:08:00,1087,33,2,-78.0,885.0
1020.0,2015-01-29 00:08:00,1088,33,2,-77.0,885.0
1018.0,2015-01-30 00:08:00,1089,34,2,-76.0,885.0
1021.0,2015-01-31 00:08:00,1090,34,2,-78.0,886.0
1022.0,2015-01-01 00:09:00,1091,35,2,-77.0,886.0
1023.0,2015-01-02 00:09:00,1092,35,2,-79.0,886.0
1024.0,2015-01-03 00:09:00,1093,36,2,-77.0,887.0
1026.0,2015-01-04 00:09:00,1094,36,2,-80.0,888.0
1027.0,2015-01-05 00:09:00,1095,36,2,-79.0,888.0
1025.0,2015-01-06 00:09:00,1096,37,2,-79.0,888.0
1028.0,2015-01-07 00:09:00,1097,37,2,-78.0,889.0
1029.0,2015-01-08 00:09:00,1098,38,2,-77.0,890.0
1030.0,2015-01-09 00:09:00,1099,38,2,-78.0,891.0
1031.0,2015-01-10 00:09:00,1100,39,2,-79.0,890.0
1034.0,2015-01-11 00:09:00,1101,39,2,-80.0,891.0
1032.0,2015-01-12 00:09:00,1102,40,2,-84.0,892.0
1033.0,2015-01-13 00:09:00,1103,40,2,-81.0,893.0
1035.0,2015-01-14 00:09:00,1104,41,2,-79.0,893.0
1036.0,2015-01-15 00:09:00,1105,41,2,-78.0,892.0
1037.0,2015-01-16 00:09:00,1106,42,2,-82.0,893.0
1040.0,2015-01-17 00:09:00,1107,42,2,-79.0,893.0
1038.0,2015-01-18 00:09:00,1108,42,2,-78.0,895.0
1039.0,2015-01-19 00:09:00,1109,43,2,-82.0,895.0
1041.0,2015-01-20 00:09:00,1110,43,2,-81.0,895.0
1042.0,2015-01-21 00:09:00,1111,44,2,-79.0,896.0
1043.0,2015-01-22 00:09:00,1112,44,2,-80.0,895.0
1044.0,2015-01-23 00:09:00,1113,45,2,-79.0,895.0
1045.0,2015-01-24 00:09:00,1114,45,2,-79.0,896.0
1047.0,2015-01-25 00:09:00,1115,46,2,-80.0,897.0
1046.0,2015-01-26 00:09:00,1116,46,2,-79.0,898.0
1048.0,2015-01-27 00:09:00,1117,47,2,-79.0,898.0
1049.0,2015-01-28 00:09:00,1118,47,2,-80.0,898.0
1050.0,2015-01-29 00:09:00,1119,48,2,-81.0,899.0
1051.0,2015-01-30 00:09:00,1120,48,2,-80.0,900.0
1052.0,2015-01-01 00:10:00,1121,48,2,-81.0,901.0
1053.0,2015-01-02 00:10:00,1122,49,2,-79.0,901.0
1054.0,2015-01-03 00:10:00,1123,49,2,-79.0,900.0
1055.0,2015-01-04 00:10:00,1124,50,2,-80.0,900.0
1056.0,2015-01-06 00:10:00,1125,50,2,-79.0,900.0
1057.0,2015-01-07 00:10:00,1126,51,2,-79.0,901.0
1058.0,2015-01-08 00:10:00,1127,51,2,-80.0,901.0
1059.0,2015-01-09 00:10:00,1128,52,2,-79.0,902.0
1060.0,2015-01-10 00:10:00,1129,52,2,-80.0,902.0
1061.0,2015-01-11 00:10:00,1130,53,2,-81.0,902.0
1062.0,2015-01-12 00:10:00,1131,53,2,-81.0,902.0
1063.0,2015-01-13 00:10:00,1132,53,2,-82.0,902.0
1064.0,2015-01-14 00:10:00,1133,54,2,-82.0,902.0
1065.0,2015-01-15 00:10:00,1134,54,2,-80.0,902.0
1069.0,2015-01-16 00:10:00,1135,55,2,-81.0,901.0
1066.0,2015-01-17 00:10:00,1136,55,2,-82.0,901.0
1068.0,2015-01-18 00:10:00,1137,56,2,-81.0,901.0
1067.0,2015-01-19 00:10:00,1138,56,2,-82.0,901.0
1070.0,2015-01-20 00:10:00,1139,57,2,-80.0,901.0
1071.0,2015-01-21 00:10:00,1140,57,2,-81.0,901.0
1072.0,2015-01-22 00:10:00,1141,57,2,-82.0,902.0
1073.0,2015-01-23 00:10:00,1142,58,2,-82.0,902.0
1074.0,2015-01-24 00:10:00,1143,58,2,-82.0,901.0
1075.0,2015-01-25 00:10:00,1144,59,2,-82.0,902.0
1076.0,2015-01-26 00:10:00,1145,59,2,-82.0,903.0
1077.0,2015-01-27 00:10:00,1146,60,3,-82.0,902.0
1078.0,2015-01-28 00:10:00,1147,60,3,-80.0,901.0
1080.0,2015-01-29 00:10:00,1148,61,3,-80.0,901.0
1079.0,2015-01-30 00:10:00,1149,61,3,-81.0,902.0
1081.0,2015-01-31 00:10:00,1150,62,3,-82.0,902.0
1082.0,2015-01-01 00:11:00,1151,62,3,-82.0,901.0
1086.0,2015-01-02 00:11:00,1152,62,3,-80.0,901.0
1083.0,2015-01-03 00:11:00,1153,63,3,-82.0,900.0
1088.0,2015-01-04 00:11:00,1154,63,3,-84.0,900.0
1084.0,2015-01-05 00:11:00,1155,64,3,-84.0,900.0
1085.0,2015-01-06 00:11:00,1156,64,3,-84.0,900.0
1087.0,2015-01-07 00:11:00,1157,65,3,-82.0,900.0
1089.0,2015-01-08 00:11:00,1158,65,3,-82.0,898.0
1090.0,2015-01-09 00:11:00,1159,66,3,-82.0,898.0
1091.0,2015-01-10 00:11:00,1160,66,3,-80.0,899.0
1092.0,2015-01-12 00:11:00,1161,66,3,-83.0,898.0
1093.0,2015-01-13 00:11:00,1162,67,3,-84.0,897.0
1094.0,2015-01-14 00:11:00,1163,67,3,-86.0,896.0
1095.0,2015-01-15 00:11:00,1164,68,3,-86.0,896.0
1096.0,2015-01-16 00:11:00,1165,68,3,-84.0,897.0
1097.0,2015-01-17 00:11:00,1166,69,3,-84.0,895.0
1098.0,2015-01-18 00:11:00,1167,69,3,-84.0,894.0
1102.0,2015-01-19 00:11:00,1168,70,3,-84.0,894.0
1100.0,2015-01-20 00:11:00,1169,70,3,-89.0,894.0
1101.0,2015-01-21 00:11:00,1170,71,3,-85.0,893.0
1099.0,2015-01-22 00:11:00,1171,71,3,-87.0,892.0
1104.0,2015-01-23 00:11:00,1172,71,3,-87.0,892.0
1103.0,2015-01-24 00:11:00,1173,72,3,-87.0,892.0
1105.0,2015-01-25 00:11:00,1174,72,3,-85.0,891.0
1106.0,2015-01-26 00:11:00,1175,73,3,-85.0,890.0
1107.0,2015-01-27 00:11:00,1176,73,3,-84.0,890.0
1108.0,2015-01-28 00:11:00,1177,74,3,-84.0,888.0
1109.0,2015-01-29 00:11:00,1178,74,3,-86.0,888.0
1110.0,2015-01-30 00:11:00,1179,75,3,-85.0,887.0
1111.0,2015-01-01 00:12:00,1180,75,3,-86.0,886.0
1112.0,2015-01-02 00:12:00,1181,75,3,-86.0,885.0
1114.0,2015-01-03 00:12:00,1182,76,3,-85.0,884.0
1113.0,2015-01-04 00:12:00,1183,76,3,-86.0,883.0
1115.0,2015-01-05 00:12:00,1184,77,3,-85.0,882.0
1116.0,2015-01-06 00:12:00,1185,77,3,-84.0,881.0
1117.0,2015-01-07 00:12:00,1186,78,3,-86.0,881.0
1118.0,2015-01-08 00:12:00,1187,78,3,-84.0,881.0
1119.0,2015-01-09 00:12:00,1188,79,3,-90.0,881.0
1120.0,2015-01-10 00:12:00,1189,79,3,-87.0,879.0
1121.0,2015-01-11 00:12:00,1190,79,3,-87.0,877.0
1122.0,2015-01-12 00:12:00,1191,80,3,-87.0,876.0
1123.0,2015-01-13 00:12:00,1192,80,3,-86.0,876.0
1124.0,2015-01-14 00:12:00,1193,81,3,-84.0,875.0
1125.0,2015-01-15 00:12:00,1194,81,3,-84.0,873.0
1126.0,2015-01-16 00:12:00,1195,82,3,-86.0,872.0
1129.0,2015-01-17 00:12:00,1196,82,3,-86.0,871.0
1127.0,2015-01-18 00:12:00,1197,83,3,-85.0,869.0
1128.0,2015-01-20 00:12:00,1198,83,3,-86.0,868.0
1130.0,2015-01-21 00:12:00,1199,84,3,-86.0,868.0
1131.0,2015-01-22 00:12:00,1200,84,3,-84.0,866.0
1132.0,2015-01-23 00:12:00,1201,84,3,-85.0,866.0
1133.0,2015-01-24 00:12:00,1202,85,3,-85.0,864.0
1136.0,2015-01-25 00:12:00,1203,85,3,-85.0,863.0
1135.0,2015-01-26 00:12:00,1204,86,3,-84.0,862.0
1134.0,2015-01-27 00:12:00,1205,86,3,-86.0,861.0
1137.0,2015-01-28 00:12:00,1206,87,3,-85.0,859.0
1138.0,2015-01-29 00:12:00,1207,87,3,-85.0,858.0
1139.0,2015-01-30 00:12:00,1208,88,3,-85.0,857.0
1141.0,2015-01-31 00:12:00,1209,88,3,-85.0,855.0
1140.0,2016-01-01 00:01:00,1210,88,3,-85.0,854.0
1142.0,2016-01-02 00:01:00,1211,89,3,-83.0,853.0
1143.0,2016-01-03 00:01:00,1212,89,3,-86.0,851.0
1145.0,2016-01-04 00:01:00,1213,90,4,-84.0,851.0
1144.0,2016-01-05 00:01:00,1214,90,4,-85.0,849.0
1146.0,2016-01-06 00:01:00,1215,91,4,-85.0,848.0
1147.0,2016-01-07 00:01:00,1216,91,4,-86.0,847.0
1148.0,2016-01-08 00:01:00,1217,92,4,-88.0,846.0
1149.0,2016-01-09 00:01:00,1218,92,4,-86.0,845.0
1150.0,2016-01-10 00:01:00,1219,93,4,-87.0,844.0
1151.0,2016-01-11 00:01:00,1220,93,4,-87.0,842.0
1152.0,2016-01-12 00:01:00,1221,93,4,-87.0,841.0
1153.0,2016-01-13 00:01:00,1222,94,4,-87.0,840.0
1155.0,2016-01-14 00:01:00,1223,94,4,-88.0,839.0
1154.0,2016-01-15 00:01:00,1224,95,4,-88.0,837.0
1156.0,2016-01-16 00:01:00,1225,95,4,-87.0,836.0
1157.0,2016-01-17 00:01:00,1226,96,4,-87.0,835.0
1158.0,2016-01-18 00:01:00,1227,96,4,-88.0,833.0
1159.0,2016-01-19 00:01:00,1228,97,4,-88.0,832.0
1160.0,2016-01-20 00:01:00,1229,97,4,-88.0,831.0
1161.0,2016-01-21 00:01:00,1230,98,4,-88.0,830.0
1162.0,2016-01-22 00:01:00,1231,98,4,-88.0,828.0
1163.0,2016-01-23 00:01:00,1232,99,4,-88.0,827.0
1164.0,2016-01-24 00:01:00,1233,99,4,-88.0,826.0
1166.0,2016-01-26 00:01:00,1234,99,4,-88.0,824.0
1165.0,2016-01-27 00:01:00,1235,100,4,-88.0,824.0
1170.0,2016-01-28 00:01:00,1236,100,4,-87.0,822.0
1169.0,2016-01-29 00:01:00,1237,101,4,-88.0,820.0
1167.0,2016-01-30 00:01:00,1238,101,4,-87.0,819.0
1168.0,2016-01-31 00:01:00,1239,102,4,-89.0,818.0
1171.0,2016-01-01 00:02:00,1240,102,4,-87.0,816.0
1172.0,2016-01-02 00:02:00,1241,103,4,-87.0,816.0
1173.0,2016-01-03 00:02:00,1242,103,4,-87.0,815.0
1174.0,2016-01-04 00:02:00,1243,104,4,-86.0,814.0
1175.0,2016-01-05 00:02:00,1244,104,4,-85.0,812.0
1176.0,2016-01-06 00:02:00,1245,105,4,-86.0,811.0
1178.0,2016-01-07 00:02:00,1246,105,4,-85.0,810.0
1177.0,2016-01-08 00:02:00,1247,105,4,-85.0,809.0
1179.0,2016-01-09 00:02:00,1248,106,4,-86.0,807.0
1180.0,2016-01-10 00:02:00,1249,106,4,-85.0,806.0
1182.0,2016-01-11 00:02:00,1250,107,4,-85.0,804.0
1185.0,2016-01-12 00:02:00,1251,107,4,-85.0,803.0
1184.0,2016-01-13 00:02:00,1252,108,4,-85.0,802.0
1181.0,2016-01-14 00:02:00,1253,108,4,-85.0,800.0
1183.0,2016-01-15 00:02:00,1254,109,4,-84.0,799.0
1187.0,2016-01-16 00:02:00,1255,109,4,-84.0,798.0
1186.0,2016-01-17 00:02:00,1256,110,4,-84.0,797.0
1188.0,2016-01-18 00:02:00,1257,110,4,-84.0,794.0
1189.0,2016-01-19 00:02:00,1258,111,4,-83.0,794.0
1190.0,2016-01-20 00:02:00,1259,111,4,-84.0,794.0
1191.0,2016-01-21 00:02:00,1260,112,4,-83.0,792.0
1192.0,2016-01-22 00:02:00,1261,112,4,-81.0,790.0
1193.0,2016-01-23 00:02:00,1262,112,4,-81.0,790.0
1194.0,2016-01-24 00:02:00,1263,113,4,-84.0,788.0
1195.0,2016-01-25 00:02:00,1264,113,4,-84.0,787.0
1197.0,2016-01-26 00:02:00,1265,114,4,-81.0,787.0
1196.0,2016-01-27 00:02:00,1266,114,4,-82.0,787.0
1198.0,2016-01-28 00:02:00,1267,115,4,-83.0,786.0
1199.0,2016-01-29 00:02:00,1268,115,4,-83.0,784.0
1201.0,2016-01-01 00:03:00,1269,116,4,-83.0,782.0
1200.0,2016-01-03 00:03:00,1270,116,4,-82.0,782.0
1202.0,2016-01-04 00:03:00,1271,117,4,-84.0,781.0
1203.0,2016-01-05 00:03:00,1272,117,4,-81.0,780.0
1204.0,2016-01-06 00:03:00,1273,118,4,-79.0,778.0
1205.0,2016-01-07 00:03:00,1274,118,4,-82.0,777.0
1206.0,2016-01-08 00:03:00,1275,119,4,-82.0,775.0
1207.0,2016-01-09 00:03:00,1276,119,4,-83.0,774.0
1208.0,2016-01-10 00:03:00,1277,120,5,-84.0,774.0
1210.0,2016-01-11 00:03:00,1278,120,5,-83.0,773.0
1209.0,2016-01-12 00:03:00,1279,121,5,-83.0,772.0
1211.0,2016-01-13 00:03:00,1280,121,5,-84.0,771.0
1212.0,2016-01-14 00:03:00,1281,122,5,-83.0,769.0
1213.0,2016-01-15 00:03:00,1282,122,5,-81.0,768.0
1214.0,2016-01-16 00:03:00,1283,123,5,-82.0,767.0
1216.0,2016-01-17 00:03:00,1284,123,5,-80.0,767.0
1217.0,2016-01-18 00:03:00,1285,123,5,-80.0,766.0
1215.0,2016-01-19 00:03:00,1286,124,5,-80.0,765.0
1218.0,2016-01-20 00:03:00,1287,124,5,-80.0,764.0
1219.0,2016-01-21 00:03:00,1288,125,5,-80.0,763.0
1220.0,2016-01-24 00:03:00,1291,126,5,-80.0,760.0
1222.0,2016-01-25 00:03:00,1292,127,5,-81.0,760.0
1221.0,2016-01-26 00:03:00,1293,127,5,-81.0,758.0
1223.0,2016-01-27 00:03:00,1294,128,5,-79.0,758.0
1224.0,2016-01-28 00:03:00,1295,128,5,-79.0,757.0
1226.0,2016-01-29 00:03:00,1296,129,5,-79.0,756.0
1225.0,2016-01-30 00:03:00,1297,129,5,-80.0,755.0
1229.0,2016-01-31 00:03:00,1298,130,5,-79.0,755.0
1228.0,2016-01-01 00:04:00,1299,130,5,-80.0,753.0
1227.0,2016-01-02 00:04:00,1300,131,5,-79.0,752.0
1230.0,2016-01-03 00:04:00,1301,131,5,-78.0,752.0
1231.0,2016-01-04 00:04:00,1302,132,5,-80.0,751.0
1232.0,2016-01-05 00:04:00,1303,132,5,-78.0,751.0
1233.0,2016-01-06 00:04:00,1304,133,5,-80.0,750.0
1235.0,2016-01-07 00:04:00,1305,133,5,-80.0,749.0
1234.0,2016-01-08 00:04:00,1306,134,5,-79.0,748.0
1236.0,2016-01-10 00:04:00,1307,134,5,-80.0,748.0
1237.0,2016-01-11 00:04:00,1308,135,5,-81.0,748.0
1238.0,2016-01-12 00:04:00,1309,135,5,-81.0,747.0
1239.0,2016-01-13 00:04:00,1310,136,5,-76.0,745.0
1240.0,2016-01-14 00:04:00,1311,136,5,-78.0,745.0
1243.0,2016-01-15 00:04:00,1312,137,5,-77.0,745.0
1241.0,2016-01-16 00:04:00,1313,137,5,-77.0,745.0
1242.0,2016-01-17 00:04:00,1314,138,5,-78.0,744.0
1244.0,2016-01-18 00:04:00,1315,138,5,-77.0,744.0
1245.0,2016-01-19 00:04:00,1316,139,5,-80.0,744.0
1246.0,2016-01-20 00:04:00,1317,139,5,-80.0,743.0
1247.0,2016-01-21 00:04:00,1318,140,5,-80.0,743.0
1248.0,2016-01-22 00:04:00,1319,140,5,-78.0,742.0
1250.0,2016-01-23 00:04:00,1320,141,5,-77.0,741.0
1249.0,2016-01-24 00:04:00,1321,141,5,-77.0,740.0
1251.0,2016-01-25 00:04:00,1322,142,5,-78.0,740.0
1252.0,2016-01-26 00:04:00,1323,142,5,-77.0,738.0
1253.0,2016-01-27 00:04:00,1324,143,5,-78.0,738.0
1256.0,2016-01-28 00:04:00,1325,144,5,-78.0,738.0
1254.0,2016-01-29 00:04:00,1326,144,5,-77.0,738.0
1255.0,2016-01-30 00:04:00,1327,145,5,-76.0,736.0
1257.0,2016-01-01 00:05:00,1328,145,5,-77.0,735.0
1258.0,2016-01-02 00:05:00,1329,146,5,-74.0,735.0
1259.0,2016-01-03 00:05:00,1330,146,5,-78.0,734.0
1260.0,2016-01-04 00:05:00,1331,147,5,-76.0,734.0
1262.0,2016-01-05 00:05:00,1332,147,5,-78.0,734.0
1263.0,2016-01-06 00:05:00,1333,148,5,-76.0,733.0
1261.0,2016-01-07 00:05:00,1334,148,5,-77.0,732.0
1264.0,2016-01-08 00:05:00,1335,149,5,-77.0,732.0
1265.0,2016-01-09 00:05:00,1336,149,5,-75.0,732.0
1266.0,2016-01-10 00:05:00,1337,150,6,-76.0,734.0
1267.0,2016-01-11 00:05:00,1338,150,6,-75.0,734.0
1268.0,2016-01-12 00:05:00,1339,151,6,-77.0,733.0
1269.0,2016-01-13 00:05:00,1340,151,6,-76.0,734.0
1270.0,2016-01-14 00:05:00,1341,152,6,-76.0,735.0
1271.0,2016-01-15 00:05:00,1342,152,6,-80.0,735.0
1272.0,2016-01-17 00:05:00,1343,153,6,-74.0,735.0
1273.0,2016-01-18 00:05:00,1344,153,6,-75.0,734.0
1276.0,2016-01-19 00:05:00,1345,154,6,-75.0,735.0
1274.0,2016-01-20 00:05:00,1346,155,6,-75.0,737.0
1277.0,2016-01-21 00:05:00,1347,155,6,-75.0,736.0
1275.0,2016-01-22 00:05:00,1348,156,6,-76.0,735.0
1278.0,2016-01-23 00:05:00,1349,156,6,-73.0,737.0
1279.0,2016-01-24 00:05:00,1350,157,6,-73.0,738.0
1280.0,2016-01-25 00:05:00,1351,157,6,-72.0,739.0
1283.0,2016-01-26 00:05:00,1352,158,6,-73.0,736.0
1281.0,2016-01-27 00:05:00,1353,158,6,-76.0,737.0
1282.0,2016-01-28 00:05:00,1354,159,6,-75.0,739.0
1284.0,2016-01-29 00:05:00,1355,159,6,-75.0,740.0
1286.0,2016-01-30 00:05:00,1356,160,6,-74.0,739.0
1285.0,2016-01-31 00:05:00,1357,160,6,-72.0,738.0
1287.0,2016-01-01 00:06:00,1358,161,6,-74.0,738.0
1288.0,2016-01-02 00:06:00,1359,162,6,-76.0,739.0
1289.0,2016-01-03 00:06:00,1360,162,6,-76.0,739.0
1290.0,2016-01-04 00:06:00,1361,163,6,-75.0,739.0
1291.0,2016-01-05 00:06:00,1362,163,6,-74.0,739.0
1292.0,2016-01-06 00:06:00,1363,164,6,-75.0,740.0
1293.0,2016-01-07 00:06:00,1364,164,6,-74.0,740.0
1294.0,2016-01-08 00:06:00,1365,165,6,-74.0,739.0
1295.0,2016-01-09 00:06:00,1366,165,6,-75.0,740.0
1296.0,2016-01-10 00:06:00,1367,166,6,-74.0,743.0
1297.0,2016-01-11 00:06:00,1368,167,6,-74.0,743.0
1299.0,2016-01-12 00:06:00,1369,167,6,-73.0,742.0
1298.0,2016-01-13 00:06:00,1370,168,6,-74.0,744.0
1301.0,2016-01-14 00:06:00,1371,168,6,-75.0,746.0
1300.0,2016-01-15 00:06:00,1372,169,6,-74.0,745.0
1303.0,2016-01-16 00:06:00,1373,169,6,-74.0,746.0
1302.0,2016-01-17 00:06:00,1374,170,6,-75.0,748.0
1304.0,2016-01-18 00:06:00,1375,170,6,-73.0,749.0
1305.0,2016-01-19 00:06:00,1376,171,6,-75.0,749.0
1306.0,2016-01-20 00:06:00,1377,172,6,-76.0,749.0
1308.0,2016-01-21 00:06:00,1378,172,6,-76.0,751.0
1307.0,2016-01-23 00:06:00,1379,173,6,-77.0,751.0
1311.0,2016-01-24 00:06:00,1380,173,6,-74.0,751.0
1309.0,2016-01-25 00:06:00,1381,174,6,-73.0,751.0
1310.0,2016-01-26 00:06:00,1382,174,6,-76.0,752.0
1312.0,2016-01-27 00:06:00,1383,175,6,-73.0,752.0
1313.0,2016-01-28 00:06:00,1384,176,6,-74.0,753.0
1314.0,2016-01-29 00:06:00,1385,176,6,-75.0,755.0
1315.0,2016-01-30 00:06:00,1386,177,6,-74.0,755.0
1316.0,2016-01-01 00:07:00,1387,177,6,-74.0,755.0
1317.0,2016-01-02 00:07:00,1388,178,6,-73.0,756.0
1318.0,2016-01-12 00:07:00,1398,184,7,-66.0,751.0
1319.0,2016-01-13 00:07:00,1399,184,7,-73.0,770.0
1322.0,2016-01-14 00:07:00,1400,185,7,-73.0,770.0
1321.0,2016-01-15 00:07:00,1401,185,7,-73.0,770.0
1320.0,2016-01-16 00:07:00,1402,186,7,-75.0,771.0
1323.0,2016-01-17 00:07:00,1403,187,7,-75.0,771.0
1324.0,2016-01-18 00:07:00,1404,187,7,-75.0,774.0
1325.0,2016-01-19 00:07:00,1405,188,7,-75.0,775.0
1328.0,2016-01-20 00:07:00,1406,188,7,-76.0,775.0
1329.0,2016-01-21 00:07:00,1407,189,7,-74.0,779.0
1327.0,2016-01-22 00:07:00,1408,190,7,-75.0,779.0
1326.0,2016-01-23 00:07:00,1409,190,7,-74.0,781.0
1330.0,2016-01-24 00:07:00,1410,191,7,-72.0,782.0
1331.0,2016-01-25 00:07:00,1411,191,7,-72.0,782.0
1333.0,2016-01-26 00:07:00,1412,192,7,-78.0,784.0
1332.0,2016-01-27 00:07:00,1413,193,7,-72.0,784.0
1336.0,2016-01-28 00:07:00,1414,193,7,-73.0,785.0
1334.0,2016-01-29 00:07:00,1415,194,7,-72.0,787.0
1335.0,2016-01-31 00:07:00,1416,194,7,-72.0,791.0
1337.0,2016-01-01 00:08:00,1417,195,7,-70.0,791.0
1338.0,2016-01-02 00:08:00,1418,196,7,-73.0,793.0
1339.0,2016-01-03 00:08:00,1419,196,7,-73.0,793.0
1340.0,2016-01-04 00:08:00,1420,197,7,-71.0,793.0
1343.0,2016-01-05 00:08:00,1421,197,7,-72.0,797.0
1342.0,2016-01-06 00:08:00,1422,198,7,-72.0,798.0
1341.0,2016-01-07 00:08:00,1423,199,7,-71.0,800.0
1344.0,2016-01-08 00:08:00,1424,199,7,-72.0,803.0
1345.0,2016-01-09 00:08:00,1425,200,7,-72.0,804.0
1346.0,2016-01-10 00:08:00,1426,200,7,-71.0,803.0
1347.0,2016-01-11 00:08:00,1427,201,7,-72.0,807.0
1348.0,2016-01-12 00:08:00,1428,202,7,-72.0,808.0
1349.0,2016-01-13 00:08:00,1429,202,7,-70.0,810.0
1351.0,2016-01-14 00:08:00,1430,203,7,-69.0,810.0
1350.0,2016-01-15 00:08:00,1431,204,7,-69.0,811.0
1352.0,2016-01-16 00:08:00,1432,204,7,-71.0,813.0
1353.0,2016-01-17 00:08:00,1433,205,7,-70.0,818.0
1356.0,2016-01-18 00:08:00,1434,205,7,-70.0,818.0
1355.0,2016-01-19 00:08:00,1435,206,7,-71.0,823.0
1354.0,2016-01-20 00:08:00,1436,207,7,-72.0,825.0
1357.0,2016-01-21 00:08:00,1437,207,7,-71.0,821.0
1358.0,2016-01-22 00:08:00,1438,208,7,-68.0,823.0
1360.0,2016-01-23 00:08:00,1439,208,7,-71.0,828.0
1359.0,2016-01-24 00:08:00,1440,209,7,-70.0,828.0
1361.0,2016-01-25 00:08:00,1441,210,8,-74.0,828.0
1362.0,2016-01-26 00:08:00,1442,210,8,-68.0,829.0
1363.0,2016-01-27 00:08:00,1443,211,8,-69.0,831.0
1364.0,2016-01-28 00:08:00,1444,212,8,-69.0,833.0
1365.0,2016-01-29 00:08:00,1445,212,8,-69.0,836.0
1366.0,2016-01-30 00:08:00,1446,213,8,-70.0,841.0
1367.0,2016-01-31 00:08:00,1447,214,8,-74.0,841.0
1369.0,2016-01-01 00:09:00,1448,214,8,-69.0,841.0
1368.0,2016-01-02 00:09:00,1449,215,8,-71.0,841.0
1370.0,2016-01-03 00:09:00,1450,215,8,-69.0,842.0
1371.0,2016-01-04 00:09:00,1451,216,8,-71.0,842.0
1373.0,2016-01-06 00:09:00,1452,217,8,-74.0,845.0
1372.0,2016-01-07 00:09:00,1453,217,8,-73.0,850.0
1374.0,2016-01-08 00:09:00,1454,218,8,-69.0,854.0
1377.0,2016-01-09 00:09:00,1455,219,8,-70.0,858.0
1376.0,2016-01-10 00:09:00,1456,219,8,-69.0,859.0
1375.0,2016-01-11 00:09:00,1457,220,8,-69.0,860.0
1378.0,2016-01-12 00:09:00,1458,220,8,-69.0,859.0
1379.0,2016-01-13 00:09:00,1459,221,8,-71.0,861.0
1380.0,2016-01-14 00:09:00,1460,222,8,-70.0,865.0
1382.0,2016-01-15 00:09:00,1461,222,8,-69.0,870.0
1381.0,2016-01-16 00:09:00,1462,223,8,-68.0,871.0
1383.0,2016-01-17 00:09:00,1463,224,8,-68.0,871.0
1384.0,2016-01-18 00:09:00,1464,224,8,-71.0,871.0
1385.0,2016-01-19 00:09:00,1465,225,8,-68.0,870.0
1386.0,2016-01-20 00:09:00,1466,226,8,-67.0,873.0
1387.0,2016-01-21 00:09:00,1467,226,8,-69.0,877.0
1388.0,2016-01-22 00:09:00,1468,227,8,-70.0,879.0
1389.0,2016-01-23 00:09:00,1469,228,8,-72.0,881.0
1391.0,2016-01-24 00:09:00,1470,228,8,-70.0,879.0
1392.0,2016-01-25 00:09:00,1471,229,8,-71.0,880.0
1390.0,2016-01-26 00:09:00,1472,229,8,-68.0,879.0
1393.0,2016-01-27 00:09:00,1473,230,8,-67.0,881.0
1394.0,2016-01-28 00:09:00,1474,231,8,-68.0,889.0
1396.0,2016-01-29 00:09:00,1475,231,8,-72.0,890.0
1395.0,2016-01-30 00:09:00,1476,232,8,-69.0,888.0
1397.0,2016-01-01 00:10:00,1477,233,8,-72.0,888.0
1399.0,2016-01-02 00:10:00,1478,233,8,-68.0,887.0
1398.0,2016-01-03 00:10:00,1479,234,8,-66.0,890.0
1400.0,2016-01-04 00:10:00,1480,235,8,-68.0,893.0
1401.0,2016-01-05 00:10:00,1481,235,8,-70.0,893.0
1403.0,2016-01-06 00:10:00,1482,236,8,-68.0,893.0
1402.0,2016-01-07 00:10:00,1483,237,8,-68.0,892.0
1404.0,2016-01-08 00:10:00,1484,237,8,-68.0,895.0
1405.0,2016-01-09 00:10:00,1485,238,8,-71.0,899.0
1406.0,2016-01-10 00:10:00,1486,239,8,-71.0,901.0
1407.0,2016-01-11 00:10:00,1487,239,8,-68.0,901.0
1408.0,2016-01-12 00:10:00,1488,240,9,-69.0,902.0
1410.0,2016-01-14 00:10:00,1489,240,9,-68.0,903.0
1411.0,2016-01-15 00:10:00,1490,241,9,-66.0,904.0
1409.0,2016-01-16 00:10:00,1491,242,9,-69.0,906.0
1412.0,2016-01-17 00:10:00,1492,242,9,-68.0,910.0
1413.0,2016-01-18 00:10:00,1493,243,9,-70.0,905.0
1414.0,2016-01-19 00:10:00,1494,244,9,-70.0,904.0
1416.0,2016-01-20 00:10:00,1495,244,9,-71.0,903.0
1415.0,2016-01-21 00:10:00,1496,245,9,-72.0,906.0
1417.0,2016-01-22 00:10:00,1497,246,9,-68.0,909.0
1418.0,2016-01-23 00:10:00,1498,246,9,-68.0,907.0
1419.0,2016-01-24 00:10:00,1499,247,9,-69.0,903.0
1420.0,2016-01-25 00:10:00,1500,248,9,-70.0,903.0
1421.0,2016-01-26 00:10:00,1501,248,9,-69.0,903.0
1422.0,2016-01-27 00:10:00,1502,249,9,-69.0,907.0
1424.0,2016-01-28 00:10:00,1503,250,9,-70.0,909.0
1423.0,2016-01-29 00:10:00,1504,250,9,-69.0,910.0
1425.0,2016-01-30 00:10:00,1505,251,9,-69.0,906.0
1426.0,2016-01-31 00:10:00,1506,252,9,-71.0,907.0
1427.0,2016-01-01 00:11:00,1507,252,9,-70.0,907.0
1428.0,2016-01-02 00:11:00,1508,253,9,-70.0,907.0
1430.0,2016-01-03 00:11:00,1509,254,9,-70.0,910.0
1431.0,2016-01-04 00:11:00,1510,254,9,-70.0,908.0
1429.0,2016-01-05 00:11:00,1511,255,9,-77.0,908.0
1432.0,2016-01-06 00:11:00,1512,255,9,-78.0,906.0
1433.0,2016-01-07 00:11:00,1513,256,9,-74.0,907.0
1434.0,2016-01-08 00:11:00,1514,257,9,-73.0,906.0
1435.0,2016-01-09 00:11:00,1515,257,9,-76.0,906.0
1436.0,2016-01-10 00:11:00,1516,258,9,-71.0,909.0
1437.0,2016-01-11 00:11:00,1517,259,9,-76.0,911.0
1438.0,2016-01-12 00:11:00,1518,259,9,-78.0,909.0
1440.0,2016-01-13 00:11:00,1519,260,9,-72.0,906.0
1439.0,2016-01-14 00:11:00,1520,261,9,-73.0,905.0
1441.0,2016-01-15 00:11:00,1521,261,9,-71.0,905.0
1442.0,2016-01-16 00:11:00,1522,262,9,-71.0,905.0
1443.0,2016-01-17 00:11:00,1523,263,9,-77.0,905.0
1444.0,2016-01-18 00:11:00,1524,263,9,-76.0,904.0
1445.0,2016-01-20 00:11:00,1525,264,9,-74.0,902.0
1446.0,2016-01-21 00:11:00,1526,265,9,-72.0,900.0
1449.0,2016-01-22 00:11:00,1527,265,9,-71.0,900.0
1450.0,2016-01-23 00:11:00,1528,266,9,-72.0,898.0
1451.0,2016-01-24 00:11:00,1529,267,9,-73.0,900.0
1452.0,2016-01-25 00:11:00,1530,267,9,-71.0,899.0
1447.0,2016-01-26 00:11:00,1531,268,9,-76.0,900.0
1448.0,2016-01-27 00:11:00,1532,268,9,-72.0,900.0
1453.0,2016-01-28 00:11:00,1533,269,9,-72.0,896.0
1454.0,2016-01-29 00:11:00,1534,270,10,-73.0,898.0
1455.0,2016-01-30 00:11:00,1535,270,10,-73.0,900.0
1456.0,2016-01-01 00:12:00,1536,271,10,-71.0,901.0
1458.0,2016-01-02 00:12:00,1537,272,10,-74.0,900.0
1457.0,2016-01-03 00:12:00,1538,272,10,-73.0,898.0
1459.0,2016-01-04 00:12:00,1539,273,10,-74.0,896.0
1460.0,2016-01-05 00:12:00,1540,274,10,-72.0,896.0
1461.0,2016-01-06 00:12:00,1541,274,10,-76.0,895.0
1462.0,2016-01-07 00:12:00,1542,275,10,-73.0,895.0
1464.0,2016-01-08 00:12:00,1543,276,10,-74.0,896.0
1463.0,2016-01-09 00:12:00,1544,276,10,-71.0,894.0
1465.0,2016-01-10 00:12:00,1545,277,10,-73.0,891.0
1467.0,2016-01-11 00:12:00,1546,277,10,-73.0,889.0
1466.0,2016-01-12 00:12:00,1547,278,10,-75.0,887.0
1468.0,2016-01-13 00:12:00,1548,279,10,-76.0,887.0
1469.0,2016-01-14 00:12:00,1549,279,10,-76.0,887.0
1472.0,2016-01-15 00:12:00,1550,280,10,-71.0,888.0
1471.0,2016-01-16 00:12:00,1551,281,10,-71.0,886.0
1470.0,2016-01-17 00:12:00,1552,281,10,-74.0,886.0
1474.0,2016-01-18 00:12:00,1553,282,10,-77.0,884.0
1473.0,2016-01-19 00:12:00,1554,283,10,-70.0,882.0
1477.0,2016-01-20 00:12:00,1555,283,10,-71.0,883.0
1478.0,2016-01-21 00:12:00,1556,284,10,-72.0,883.0
1475.0,2016-01-22 00:12:00,1557,284,10,-70.0,883.0
1476.0,2016-01-23 00:12:00,1558,285,10,-72.0,880.0
1484.0,2016-01-24 00:12:00,1559,286,10,-76.0,879.0
1482.0,2016-01-25 00:12:00,1560,286,10,-76.0,877.0
1485.0,2016-01-27 00:12:00,1561,287,10,-77.0,877.0
1479.0,2016-01-28 00:12:00,1562,288,10,-73.0,877.0
1483.0,2016-01-29 00:12:00,1563,288,10,-75.0,879.0
1481.0,2016-01-30 00:12:00,1564,289,10,-70.0,877.0
1480.0,2016-01-31 00:12:00,1565,290,10,-72.0,874.0
1487.0,2017-01-01 00:01:00,1566,290,10,-76.0,876.0
1486.0,2017-01-02 00:01:00,1567,291,10,-70.0,872.0
1488.0,2017-01-03 00:01:00,1568,291,10,-71.0,876.0
1492.0,2017-01-04 00:01:00,1569,292,10,-70.0,873.0
1491.0,2017-01-05 00:01:00,1570,293,10,-71.0,873.0
1490.0,2017-01-06 00:01:00,1571,293,10,-70.0,873.0
1489.0,2017-01-07 00:01:00,1572,294,10,-81.0,869.0
1493.0,2017-01-08 00:01:00,1573,295,10,-74.0,872.0
1495.0,2017-01-09 00:01:00,1574,295,10,-72.0,868.0
1494.0,2017-01-10 00:01:00,1575,296,10,-73.0,871.0
1496.0,2017-01-11 00:01:00,1576,296,10,-72.0,869.0
1498.0,2017-01-12 00:01:00,1577,297,10,-72.0,866.0
1499.0,2017-01-13 00:01:00,1578,298,10,-74.0,868.0
1500.0,2017-01-14 00:01:00,1579,298,10,-73.0,862.0
1497.0,2017-01-15 00:01:00,1580,299,10,-72.0,867.0
1501.0,2017-01-16 00:01:00,1581,299,10,-72.0,862.0
1503.0,2017-01-17 00:01:00,1582,300,11,-74.0,862.0
1502.0,2017-01-18 00:01:00,1583,301,11,-75.0,862.0
1505.0,2017-01-19 00:01:00,1584,301,11,-77.0,860.0
1506.0,2017-01-20 00:01:00,1585,302,11,-76.0,864.0
1504.0,2017-01-21 00:01:00,1586,303,11,-72.0,858.0
1508.0,2017-01-22 00:01:00,1587,303,11,-73.0,860.0
1507.0,2017-01-23 00:01:00,1588,304,11,-72.0,858.0
1510.0,2017-01-24 00:01:00,1589,304,11,-72.0,857.0
1509.0,2017-01-25 00:01:00,1590,305,11,-76.0,860.0
1512.0,2017-01-26 00:01:00,1591,306,11,-73.0,852.0
1511.0,2017-01-27 00:01:00,1592,306,11,-71.0,857.0
1513.0,2017-01-28 00:01:00,1593,307,11,-72.0,852.0
1514.0,2017-01-29 00:01:00,1594,307,11,-74.0,855.0
1515.0,2017-01-30 00:01:00,1595,308,11,-71.0,855.0
1516.0,2017-01-31 00:01:00,1596,309,11,-74.0,850.0
1517.0,2017-01-01 00:02:00,1597,309,11,-73.0,855.0
1519.0,2017-01-03 00:02:00,1598,310,11,-70.0,849.0
1518.0,2017-01-04 00:02:00,1599,310,11,-72.0,853.0
1520.0,2017-01-05 00:02:00,1600,311,11,-71.0,850.0
1522.0,2017-01-06 00:02:00,1601,312,11,-71.0,853.0
1521.0,2017-01-07 00:02:00,1602,312,11,-77.0,852.0
1523.0,2017-01-08 00:02:00,1603,313,11,-76.0,847.0
1524.0,2017-01-09 00:02:00,1604,313,11,-77.0,850.0
1526.0,2017-01-10 00:02:00,1605,314,11,-73.0,846.0
1525.0,2017-01-11 00:02:00,1606,315,11,-75.0,850.0
1528.0,2017-01-12 00:02:00,1607,315,11,-77.0,846.0
1527.0,2017-01-13 00:02:00,1608,316,11,-72.0,847.0
1529.0,2017-01-14 00:02:00,1609,316,11,-71.0,847.0
1534.0,2017-01-18 00:02:00,1613,319,11,-72.0,846.0
1533.0,2017-01-19 00:02:00,1614,319,11,-73.0,837.0
1536.0,2017-01-20 00:02:00,1615,320,11,-73.0,842.0
1535.0,2017-01-21 00:02:00,1616,320,11,-73.0,848.0
1537.0,2017-01-22 00:02:00,1617,321,11,-72.0,840.0
1540.0,2017-01-23 00:02:00,1618,322,11,-71.0,845.0
1538.0,2017-01-24 00:02:00,1619,322,11,-73.0,841.0
1539.0,2017-01-25 00:02:00,1620,323,11,-70.0,844.0
1541.0,2017-01-26 00:02:00,1621,323,11,-73.0,842.0
1542.0,2017-01-27 00:02:00,1622,324,11,-71.0,841.0
1544.0,2017-01-28 00:02:00,1623,324,11,-71.0,840.0
1543.0,2017-01-01 00:03:00,1624,325,11,-72.0,837.0
1546.0,2017-01-02 00:03:00,1625,326,11,-71.0,839.0
1545.0,2017-01-03 00:03:00,1626,326,11,-71.0,839.0
1547.0,2017-01-04 00:03:00,1627,327,11,-72.0,838.0
1549.0,2017-01-05 00:03:00,1628,327,11,-71.0,839.0
1548.0,2017-01-06 00:03:00,1629,328,11,-74.0,837.0
1551.0,2017-01-07 00:03:00,1630,328,11,-77.0,838.0
1550.0,2017-01-08 00:03:00,1631,329,11,-77.0,837.0
1552.0,2017-01-09 00:03:00,1632,330,12,-72.0,836.0
1554.0,2017-01-10 00:03:00,1633,330,12,-75.0,834.0
1553.0,2017-01-12 00:03:00,1634,331,12,-72.0,834.0
1555.0,2017-01-13 00:03:00,1635,331,12,-73.0,833.0
1556.0,2017-01-14 00:03:00,1636,332,12,-72.0,834.0
1557.0,2017-01-15 00:03:00,1637,332,12,-73.0,833.0
1559.0,2017-01-16 00:03:00,1638,333,12,-73.0,833.0
1558.0,2017-01-17 00:03:00,1639,334,12,-71.0,832.0
1561.0,2017-01-18 00:03:00,1640,334,12,-72.0,832.0
1560.0,2017-01-19 00:03:00,1641,335,12,-72.0,831.0
1564.0,2017-01-20 00:03:00,1642,335,12,-72.0,829.0
1563.0,2017-01-21 00:03:00,1643,336,12,-74.0,832.0
1562.0,2017-01-22 00:03:00,1644,336,12,-74.0,832.0
1567.0,2017-01-23 00:03:00,1645,337,12,-74.0,832.0
1565.0,2017-01-24 00:03:00,1646,337,12,-74.0,831.0
1566.0,2017-01-25 00:03:00,1647,338,12,-73.0,831.0
1568.0,2017-01-26 00:03:00,1648,339,12,-73.0,830.0
1569.0,2017-01-27 00:03:00,1649,339,12,-74.0,830.0
1570.0,2017-01-28 00:03:00,1650,340,12,-75.0,833.0
1571.0,2017-01-29 00:03:00,1651,340,12,-77.0,833.0
1572.0,2017-01-30 00:03:00,1652,341,12,-76.0,834.0
1573.0,2017-01-31 00:03:00,1653,341,12,-75.0,833.0
1575.0,2017-01-01 00:04:00,1654,342,12,-75.0,829.0
1574.0,2017-01-02 00:04:00,1655,342,12,-76.0,831.0
1576.0,2017-01-03 00:04:00,1656,343,12,-75.0,832.0
1578.0,2017-01-04 00:04:00,1657,343,12,-75.0,836.0
1577.0,2017-01-05 00:04:00,1658,344,12,-77.0,835.0
1579.0,2017-01-06 00:04:00,1659,345,12,-77.0,832.0
1581.0,2017-01-07 00:04:00,1660,345,12,-74.0,832.0
1580.0,2017-01-08 00:04:00,1661,346,12,-75.0,831.0
1583.0,2017-01-09 00:04:00,1662,346,12,-75.0,831.0
1584.0,2017-01-10 00:04:00,1663,347,12,-74.0,832.0
1586.0,2017-01-11 00:04:00,1664,347,12,-74.0,832.0
1585.0,2017-01-12 00:04:00,1665,348,12,-76.0,833.0
1582.0,2017-01-13 00:04:00,1666,348,12,-76.0,834.0
1588.0,2017-01-14 00:04:00,1667,349,12,-76.0,833.0
1587.0,2017-01-15 00:04:00,1668,349,12,-77.0,831.0
1589.0,2017-01-16 00:04:00,1669,350,12,-74.0,833.0
1590.0,2017-01-18 00:04:00,1670,350,12,-76.0,834.0
1591.0,2017-01-19 00:04:00,1671,351,12,-76.0,832.0
1592.0,2017-01-20 00:04:00,1672,351,12,-74.0,833.0
1594.0,2017-01-21 00:04:00,1673,352,12,-75.0,836.0
1593.0,2017-01-22 00:04:00,1674,352,12,-75.0,835.0
1595.0,2017-01-23 00:04:00,1675,353,12,-75.0,835.0
1596.0,2017-01-24 00:04:00,1676,354,12,-76.0,837.0
1597.0,2017-01-25 00:04:00,1677,354,12,-74.0,835.0
1598.0,2017-01-26 00:04:00,1678,355,12,-74.0,836.0
1599.0,2017-01-27 00:04:00,1679,355,12,-75.0,836.0
1601.0,2017-01-28 00:04:00,1680,356,12,-74.0,835.0
1602.0,2017-01-29 00:04:00,1681,356,12,-74.0,837.0
1603.0,2017-01-30 00:04:00,1682,357,12,-76.0,839.0
1600.0,2017-01-01 00:05:00,1683,357,12,-75.0,837.0
1604.0,2017-01-02 00:05:00,1684,358,12,-75.0,837.0
1605.0,2017-01-03 00:05:00,1685,358,12,-77.0,838.0
1607.0,2017-01-04 00:05:00,1686,359,12,-75.0,838.0
1608.0,2017-01-05 00:05:00,1687,359,12,-75.0,838.0
1606.0,2017-01-06 00:05:00,1688,0,1,-76.0,840.0
1610.0,2017-01-07 00:05:00,1689,0,1,-75.0,840.0
1609.0,2017-01-08 00:05:00,1690,1,1,-76.0,840.0
1614.0,2017-01-10 00:05:00,1692,2,1,-62.0,820.0
1612.0,2017-01-11 00:05:00,1693,2,1,-76.0,840.0
1613.0,2017-01-12 00:05:00,1694,3,1,-76.0,840.0
1611.0,2017-01-13 00:05:00,1695,3,1,-77.0,840.0
1615.0,2017-01-14 00:05:00,1696,4,1,-75.0,841.0
1616.0,2017-01-15 00:05:00,1697,4,1,-77.0,841.0
1618.0,2017-01-16 00:05:00,1698,5,1,-77.0,842.0
1617.0,2017-01-17 00:05:00,1699,5,1,-76.0,843.0
1619.0,2017-01-18 00:05:00,1700,6,1,-76.0,842.0
1620.0,2017-01-19 00:05:00,1701,6,1,-76.0,841.0
1621.0,2017-01-20 00:05:00,1702,7,1,-75.0,842.0
1622.0,2017-01-21 00:05:00,1703,7,1,-76.0,843.0
1625.0,2017-01-22 00:05:00,1704,8,1,-77.0,844.0
1623.0,2017-01-23 00:05:00,1705,8,1,-76.0,845.0
1624.0,2017-01-24 00:05:00,1706,9,1,-77.0,845.0
1627.0,2017-01-26 00:05:00,1707,9,1,-77.0,846.0
1626.0,2017-01-27 00:05:00,1708,10,1,-76.0,846.0
1628.0,2017-01-28 00:05:00,1709,10,1,-76.0,847.0
1629.0,2017-01-29 00:05:00,1710,11,1,-76.0,848.0
1631.0,2017-01-30 00:05:00,1711,11,1,-75.0,848.0
1630.0,2017-01-31 00:05:00,1712,12,1,-77.0,849.0
1635.0,2017-01-01 00:06:00,1713,12,1,-75.0,850.0
1633.0,2017-01-02 00:06:00,1714,13,1,-77.0,849.0
1634.0,2017-01-03 00:06:00,1715,13,1,-77.0,851.0
1632.0,2017-01-04 00:06:00,1716,14,1,-76.0,850.0
1636.0,2017-01-05 00:06:00,1717,14,1,-76.0,851.0
1637.0,2017-01-06 00:06:00,1718,15,1,-77.0,852.0
1639.0,2017-01-07 00:06:00,1719,15,1,-77.0,853.0
1638.0,2017-01-08 00:06:00,1720,16,1,-76.0,853.0
1641.0,2017-01-09 00:06:00,1721,16,1,-76.0,852.0
1640.0,2017-01-10 00:06:00,1722,17,1,-77.0,854.0
1642.0,2017-01-11 00:06:00,1723,17,1,-76.0,854.0
1643.0,2017-01-12 00:06:00,1724,18,1,-77.0,856.0
1644.0,2017-01-13 00:06:00,1725,18,1,-79.0,857.0
1645.0,2017-01-14 00:06:00,1726,19,1,-76.0,855.0
1647.0,2017-01-15 00:06:00,1727,19,1,-75.0,855.0
1648.0,2017-01-16 00:06:00,1728,20,1,-76.0,855.0
1646.0,2017-01-17 00:06:00,1729,20,1,-76.0,858.0
1650.0,2017-01-18 00:06:00,1730,21,1,-77.0,858.0
1649.0,2017-01-19 00:06:00,1731,21,1,-78.0,857.0
1651.0,2017-01-20 00:06:00,1732,22,1,-78.0,858.0
1652.0,2017-01-21 00:06:00,1733,22,1,-77.0,859.0
1655.0,2017-01-22 00:06:00,1734,23,1,-78.0,859.0
1653.0,2017-01-23 00:06:00,1735,23,1,-78.0,861.0
1654.0,2017-01-24 00:06:00,1736,23,1,-77.0,860.0
1656.0,2017-01-25 00:06:00,1737,24,1,-78.0,861.0
1657.0,2017-01-26 00:06:00,1738,24,1,-78.0,861.0
1658.0,2017-01-27 00:06:00,1739,25,1,-77.0,861.0
1662.0,2017-01-28 00:06:00,1740,25,1,-78.0,861.0
1659.0,2017-01-29 00:06:00,1741,26,1,-78.0,863.0
1661.0,2017-01-30 00:06:00,1742,26,1,-77.0,865.0
1660.0,2017-01-02 00:07:00,1743,27,1,-78.0,863.0
1663.0,2017-01-03 00:07:00,1744,27,1,-78.0,863.0
1664.0,2017-01-04 00:07:00,1745,28,1,-78.0,865.0
1665.0,2017-01-05 00:07:00,1746,28,1,-76.0,866.0
1666.0,2017-01-06 00:07:00,1747,29,1,-79.0,866.0
1668.0,2017-01-07 00:07:00,1748,29,1,-79.0,867.0
1667.0,2017-01-08 00:07:00,1749,30,2,-76.0,867.0
1669.0,2017-01-09 00:07:00,1750,30,2,-77.0,867.0
1670.0,2017-01-10 00:07:00,1751,31,2,-78.0,867.0
1671.0,2017-01-11 00:07:00,1752,31,2,-80.0,867.0
1672.0,2017-01-12 00:07:00,1753,32,2,-76.0,868.0
1673.0,2017-01-13 00:07:00,1754,32,2,-78.0,870.0
1674.0,2017-01-14 00:07:00,1755,32,2,-77.0,870.0
1675.0,2017-01-15 00:07:00,1756,33,2,-78.0,871.0
1676.0,2017-01-16 00:07:00,1757,33,2,-78.0,871.0
1677.0,2017-01-17 00:07:00,1758,34,2,-78.0,871.0
1678.0,2017-01-18 00:07:00,1759,34,2,-77.0,871.0
1679.0,2017-01-19 00:07:00,1760,35,2,-78.0,872.0
1684.0,2017-01-20 00:07:00,1761,35,2,-77.0,872.0
1687.0,2017-01-21 00:07:00,1762,36,2,-77.0,872.0
1680.0,2017-01-22 00:07:00,1763,36,2,-78.0,873.0
1682.0,2017-01-23 00:07:00,1764,37,2,-79.0,872.0
1690.0,2017-01-24 00:07:00,1765,37,2,-77.0,873.0
1688.0,2017-01-25 00:07:00,1766,38,2,-79.0,873.0
1691.0,2017-01-26 00:07:00,1767,38,2,-77.0,874.0
1683.0,2017-01-27 00:07:00,1768,39,2,-78.0,875.0
1689.0,2017-01-28 00:07:00,1769,39,2,-76.0,875.0
1686.0,2017-01-29 00:07:00,1770,39,2,-79.0,875.0
1692.0,2017-01-30 00:07:00,1771,40,2,-79.0,876.0
1681.0,2017-01-31 00:07:00,1772,40,2,-78.0,876.0
1685.0,2017-01-01 00:08:00,1773,41,2,-78.0,876.0
1693.0,2017-01-02 00:08:00,1774,41,2,-79.0,877.0
1694.0,2017-01-03 00:08:00,1775,42,2,-80.0,877.0
1696.0,2017-01-04 00:08:00,1776,42,2,-79.0,877.0
1695.0,2017-01-05 00:08:00,1777,43,2,-79.0,877.0
1697.0,2017-01-06 00:08:00,1778,43,2,-81.0,877.0
1698.0,2017-01-07 00:08:00,1779,44,2,-78.0,878.0
1699.0,2017-01-09 00:08:00,1780,44,2,-77.0,879.0
1700.0,2017-01-10 00:08:00,1781,45,2,-78.0,879.0
1701.0,2017-01-11 00:08:00,1782,45,2,-78.0,878.0
1703.0,2017-01-12 00:08:00,1783,45,2,-79.0,879.0
1702.0,2017-01-13 00:08:00,1784,46,2,-80.0,883.0
1704.0,2017-01-14 00:08:00,1785,46,2,-77.0,881.0
1705.0,2017-01-16 00:08:00,1787,47,2,-79.0,881.0
1706.0,2017-01-17 00:08:00,1788,48,2,-79.0,881.0
1708.0,2017-01-18 00:08:00,1789,48,2,-79.0,881.0
1707.0,2017-01-19 00:08:00,1790,49,2,-81.0,882.0
1709.0,2017-01-20 00:08:00,1791,49,2,-79.0,882.0
1710.0,2017-01-21 00:08:00,1792,50,2,-80.0,883.0
1711.0,2017-01-22 00:08:00,1793,50,2,-80.0,883.0
1712.0,2017-01-23 00:08:00,1794,50,2,-80.0,883.0
1714.0,2017-01-24 00:08:00,1795,51,2,-81.0,882.0
1715.0,2017-01-25 00:08:00,1796,51,2,-80.0,883.0
1713.0,2017-01-26 00:08:00,1797,52,2,-79.0,884.0
1716.0,2017-01-27 00:08:00,1798,52,2,-79.0,883.0
1717.0,2017-01-28 00:08:00,1799,53,2,-78.0,883.0
1718.0,2017-01-29 00:08:00,1800,53,2,-80.0,883.0
1719.0,2017-01-30 00:08:00,1801,54,2,-80.0,882.0
1722.0,2017-01-31 00:08:00,1802,54,2,-79.0,882.0
1723.0,2017-01-01 00:09:00,1803,55,2,-78.0,882.0
1720.0,2017-01-02 00:09:00,1804,55,2,-78.0,883.0
1721.0,2017-01-03 00:09:00,1805,55,2,-78.0,883.0
1724.0,2017-01-04 00:09:00,1806,56,2,-80.0,884.0
1725.0,2017-01-05 00:09:00,1807,56,2,-78.0,884.0
1726.0,2017-01-06 00:09:00,1808,57,2,-79.0,884.0
1728.0,2017-01-07 00:09:00,1809,57,2,-80.0,884.0
1729.0,2017-01-08 00:09:00,1810,58,2,-78.0,883.0
1727.0,2017-01-09 00:09:00,1811,58,2,-79.0,882.0
1730.0,2017-01-10 00:09:00,1812,59,2,-79.0,882.0
1731.0,2017-01-11 00:09:00,1813,59,2,-80.0,881.0
1732.0,2017-01-12 00:09:00,1814,59,2,-80.0,881.0
1733.0,2017-01-13 00:09:00,1815,60,3,-81.0,881.0
1734.0,2017-01-15 00:09:00,1816,60,3,-82.0,882.0
1735.0,2017-01-16 00:09:00,1817,61,3,-80.0,882.0
1736.0,2017-01-17 00:09:00,1818,61,3,-81.0,881.0
1737.0,2017-01-18 00:09:00,1819,62,3,-82.0,880.0
1738.0,2017-01-19 00:09:00,1820,62,3,-79.0,881.0
1740.0,2017-01-20 00:09:00,1821,63,3,-81.0,882.0
1739.0,2017-01-21 00:09:00,1822,63,3,-78.0,881.0
1743.0,2017-01-22 00:09:00,1823,64,3,-80.0,879.0
1742.0,2017-01-23 00:09:00,1824,64,3,-80.0,879.0
1741.0,2017-01-24 00:09:00,1825,64,3,-80.0,878.0
1744.0,2017-01-25 00:09:00,1826,65,3,-80.0,878.0
1745.0,2017-01-26 00:09:00,1827,65,3,-80.0,879.0
1746.0,2017-01-27 00:09:00,1828,66,3,-80.0,878.0
1749.0,2017-01-28 00:09:00,1829,66,3,-78.0,877.0
1748.0,2017-01-29 00:09:00,1830,67,3,-80.0,877.0
1747.0,2017-01-30 00:09:00,1831,67,3,-80.0,876.0
1750.0,2017-01-01 00:10:00,1832,68,3,-84.0,875.0
1751.0,2017-01-02 00:10:00,1833,68,3,-81.0,875.0
1752.0,2017-01-03 00:10:00,1834,68,3,-80.0,875.0
1753.0,2017-01-04 00:10:00,1835,69,3,-80.0,873.0
1755.0,2017-01-05 00:10:00,1836,69,3,-81.0,873.0
1756.0,2017-01-06 00:10:00,1837,70,3,-81.0,872.0
1754.0,2017-01-07 00:10:00,1838,70,3,-79.0,872.0
1757.0,2017-01-08 00:10:00,1839,71,3,-80.0,872.0
1758.0,2017-01-09 00:10:00,1840,71,3,-77.0,871.0
1759.0,2017-01-10 00:10:00,1841,72,3,-77.0,870.0
1761.0,2017-01-11 00:10:00,1842,72,3,-79.0,869.0
1760.0,2017-01-12 00:10:00,1843,72,3,-80.0,869.0
1762.0,2017-01-13 00:10:00,1844,73,3,-81.0,869.0
1763.0,2017-01-14 00:10:00,1845,73,3,-80.0,868.0
1765.0,2017-01-15 00:10:00,1846,74,3,-80.0,868.0
1764.0,2017-01-16 00:10:00,1847,74,3,-80.0,866.0
1766.0,2017-01-17 00:10:00,1848,75,3,-80.0,865.0
1770.0,2017-01-18 00:10:00,1849,75,3,-80.0,864.0
1768.0,2017-01-19 00:10:00,1850,76,3,-80.0,864.0
1767.0,2017-01-20 00:10:00,1851,76,3,-87.0,864.0
1769.0,2017-01-22 00:10:00,1852,77,3,-80.0,863.0
1771.0,2017-01-23 00:10:00,1853,77,3,-80.0,862.0
1772.0,2017-01-24 00:10:00,1854,77,3,-80.0,861.0
1773.0,2017-01-25 00:10:00,1855,78,3,-78.0,861.0
1774.0,2017-01-26 00:10:00,1856,78,3,-80.0,859.0
1776.0,2017-01-27 00:10:00,1857,79,3,-80.0,858.0
1775.0,2017-01-28 00:10:00,1858,79,3,-81.0,857.0
1779.0,2017-01-29 00:10:00,1859,80,3,-79.0,857.0
1778.0,2017-01-30 00:10:00,1860,80,3,-80.0,857.0
1780.0,2017-01-31 00:10:00,1861,81,3,-79.0,855.0
1777.0,2017-01-01 00:11:00,1862,81,3,-81.0,854.0
1781.0,2017-01-02 00:11:00,1863,81,3,-80.0,853.0
1782.0,2017-01-03 00:11:00,1864,82,3,-82.0,852.0
1783.0,2017-01-04 00:11:00,1865,82,3,-80.0,852.0
1785.0,2017-01-05 00:11:00,1866,83,3,-80.0,850.0
1784.0,2017-01-06 00:11:00,1867,83,3,-78.0,848.0
1786.0,2017-01-07 00:11:00,1868,84,3,-80.0,848.0
1787.0,2017-01-08 00:11:00,1869,84,3,-81.0,846.0
1788.0,2017-01-09 00:11:00,1870,85,3,-81.0,845.0
1789.0,2017-01-10 00:11:00,1871,85,3,-80.0,844.0
1791.0,2017-01-11 00:11:00,1872,86,3,-79.0,843.0
1790.0,2017-01-12 00:11:00,1873,86,3,-79.0,842.0
1792.0,2017-01-13 00:11:00,1874,86,3,-80.0,840.0
1793.0,2017-01-14 00:11:00,1875,87,3,-79.0,839.0
1794.0,2017-01-15 00:11:00,1876,87,3,-79.0,838.0
1797.0,2017-01-16 00:11:00,1877,88,3,-79.0,837.0
1795.0,2017-01-17 00:11:00,1878,88,3,-79.0,835.0
1796.0,2017-01-18 00:11:00,1879,89,3,-79.0,834.0
1798.0,2017-01-19 00:11:00,1880,89,3,-79.0,833.0
1803.0,2017-01-20 00:11:00,1881,90,4,-79.0,832.0
1801.0,2017-01-21 00:11:00,1882,90,4,-78.0,831.0
1800.0,2017-01-22 00:11:00,1883,91,4,-78.0,830.0
1799.0,2017-01-23 00:11:00,1884,91,4,-79.0,829.0
1804.0,2017-01-24 00:11:00,1885,91,4,-79.0,827.0
1805.0,2017-01-25 00:11:00,1886,92,4,-79.0,826.0
1802.0,2017-01-26 00:11:00,1887,92,4,-79.0,824.0
1807.0,2017-01-27 00:11:00,1888,93,4,-79.0,823.0
1806.0,2017-01-29 00:11:00,1889,93,4,-80.0,822.0
1808.0,2017-01-30 00:11:00,1890,94,4,-79.0,821.0
1810.0,2017-01-01 00:12:00,1891,94,4,-80.0,819.0
1809.0,2017-01-02 00:12:00,1892,95,4,-81.0,817.0
1812.0,2017-01-03 00:12:00,1893,95,4,-79.0,816.0
1811.0,2017-01-04 00:12:00,1894,96,4,-79.0,815.0
1814.0,2017-01-05 00:12:00,1895,96,4,-78.0,814.0
1813.0,2017-01-06 00:12:00,1896,96,4,-79.0,812.0
1817.0,2017-01-07 00:12:00,1897,97,4,-80.0,811.0
1816.0,2017-01-08 00:12:00,1898,97,4,-81.0,810.0
1815.0,2017-01-09 00:12:00,1899,98,4,-81.0,808.0
1818.0,2017-01-10 00:12:00,1900,98,4,-81.0,807.0
1819.0,2017-01-11 00:12:00,1901,99,4,-81.0,806.0
1820.0,2017-01-12 00:12:00,1902,99,4,-79.0,804.0
1821.0,2017-01-13 00:12:00,1903,100,4,-78.0,803.0
1822.0,2017-01-14 00:12:00,1904,100,4,-79.0,801.0
1823.0,2017-01-15 00:12:00,1905,101,4,-80.0,800.0
1824.0,2017-01-16 00:12:00,1906,101,4,-79.0,799.0
1825.0,2017-01-17 00:12:00,1907,101,4,-79.0,798.0
1826.0,2017-01-18 00:12:00,1908,102,4,-79.0,796.0
1827.0,2017-01-19 00:12:00,1909,102,4,-80.0,795.0
1828.0,2017-01-20 00:12:00,1910,103,4,-80.0,794.0
1833.0,2017-01-21 00:12:00,1911,103,4,-79.0,792.0
1832.0,2017-01-22 00:12:00,1912,104,4,-80.0,791.0
1830.0,2017-01-23 00:12:00,1913,104,4,-79.0,791.0
1834.0,2017-01-24 00:12:00,1914,105,4,-78.0,790.0
1835.0,2017-01-25 00:12:00,1915,105,4,-78.0,788.0
1829.0,2017-01-26 00:12:00,1916,106,4,-79.0,787.0
1831.0,2017-01-27 00:12:00,1917,106,4,-80.0,786.0
1839.0,2017-01-28 00:12:00,1918,107,4,-77.0,784.0
1836.0,2017-01-29 00:12:00,1919,107,4,-77.0,783.0
1837.0,2017-01-30 00:12:00,1920,108,4,-77.0,782.0
1838.0,2017-01-31 00:12:00,1921,108,4,-78.0,781.0
1840.0,2018-01-01 00:01:00,1922,108,4,-79.0,780.0
1842.0,2018-01-02 00:01:00,1923,109,4,-77.0,778.0
1841.0,2018-01-03 00:01:00,1924,109,4,-78.0,777.0
1844.0,2018-01-05 00:01:00,1925,110,4,-79.0,777.0
1843.0,2018-01-06 00:01:00,1926,110,4,-80.0,775.0
1845.0,2018-01-07 00:01:00,1927,111,4,-79.0,774.0
1847.0,2018-01-08 00:01:00,1928,111,4,-78.0,773.0
1846.0,2018-01-09 00:01:00,1929,112,4,-79.0,771.0
1848.0,2018-01-10 00:01:00,1930,112,4,-79.0,770.0
1849.0,2018-01-11 00:01:00,1931,113,4,-79.0,770.0
1850.0,2018-01-12 00:01:00,1932,113,4,-79.0,768.0
1852.0,2018-01-13 00:01:00,1933,114,4,-78.0,767.0
1851.0,2018-01-14 00:01:00,1934,114,4,-79.0,766.0
1853.0,2018-01-15 00:01:00,1935,115,4,-80.0,765.0
1855.0,2018-01-16 00:01:00,1936,115,4,-79.0,764.0
1854.0,2018-01-17 00:01:00,1937,116,4,-80.0,763.0
1859.0,2018-01-18 00:01:00,1938,116,4,-78.0,762.0
1857.0,2018-01-19 00:01:00,1939,116,4,-78.0,760.0
1858.0,2018-01-20 00:01:00,1940,117,4,-77.0,759.0
1856.0,2018-01-21 00:01:00,1941,117,4,-77.0,758.0
1860.0,2018-01-22 00:01:00,1942,118,4,-78.0,757.0
1863.0,2018-01-23 00:01:00,1943,118,4,-78.0,756.0
1861.0,2018-01-24 00:01:00,1944,119,4,-80.0,755.0
1862.0,2018-01-25 00:01:00,1945,119,4,-78.0,754.0
1864.0,2018-01-26 00:01:00,1946,120,5,-79.0,753.0
1865.0,2018-01-27 00:01:00,1947,120,5,-78.0,751.0
1866.0,2018-01-28 00:01:00,1948,121,5,-78.0,752.0
1867.0,2018-01-29 00:01:00,1949,121,5,-78.0,751.0
1868.0,2018-01-30 00:01:00,1950,122,5,-79.0,750.0
1869.0,2018-01-31 00:01:00,1951,122,5,-77.0,749.0
1871.0,2018-01-01 00:02:00,1952,123,5,-80.0,748.0
1870.0,2018-01-02 00:02:00,1953,123,5,-78.0,747.0
1872.0,2018-01-03 00:02:00,1954,124,5,-77.0,745.0
1873.0,2018-01-04 00:02:00,1955,124,5,-77.0,745.0
1879.0,2018-01-05 00:02:00,1956,125,5,-79.0,744.0
1875.0,2018-01-06 00:02:00,1957,125,5,-77.0,742.0
1874.0,2018-01-07 00:02:00,1958,126,5,-77.0,741.0
1878.0,2018-01-08 00:02:00,1959,126,5,-78.0,740.0
1876.0,2018-01-09 00:02:00,1960,127,5,-78.0,740.0
1877.0,2018-01-11 00:02:00,1961,127,5,-77.0,740.0
1880.0,2018-01-12 00:02:00,1962,128,5,-78.0,738.0
1881.0,2018-01-13 00:02:00,1963,128,5,-77.0,737.0
1882.0,2018-01-14 00:02:00,1964,129,5,-76.0,736.0
1883.0,2018-01-15 00:02:00,1965,129,5,-76.0,735.0
1884.0,2018-01-16 00:02:00,1966,130,5,-77.0,735.0
1885.0,2018-01-17 00:02:00,1967,130,5,-76.0,734.0
1886.0,2018-01-18 00:02:00,1968,131,5,-76.0,732.0
1887.0,2018-01-19 00:02:00,1969,131,5,-76.0,732.0
1888.0,2018-01-20 00:02:00,1970,132,5,-77.0,731.0
1890.0,2018-01-21 00:02:00,1971,132,5,-78.0,731.0
1891.0,2018-01-22 00:02:00,1972,133,5,-78.0,730.0
1889.0,2018-01-23 00:02:00,1973,133,5,-78.0,730.0
1892.0,2018-01-24 00:02:00,1974,134,5,-77.0,729.0
1894.0,2018-01-25 00:02:00,1975,134,5,-76.0,729.0
1893.0,2018-01-26 00:02:00,1976,135,5,-77.0,728.0
1895.0,2018-01-27 00:02:00,1977,135,5,-77.0,727.0
